store_customer_id,full_name,phone,city
ST000001,Jan van Geest,+3148-5456348,Den Ham
ST000002,Fenne Simonis,+31(0)13 5056439,Heeten
ST000003,Micha Stuivenberg,(030)-7485131,Nijhuizum
ST000004,Tessa Estey,+31(0)434 967426,De Goorn
ST000005,Collin Govarts,+31(0)642-379436,Vijfhuizen
ST000006,Yassin Ansems,+31943 637177,Hobrede
ST000007,phileine heinrichs,(047) 4657099,Babberich
ST000008,  Thijn Stettyn  ,(0075)-308356,Alteveer
ST000009,Laurens van Olst,030 3492539,Hooglanderveen
ST000010,Jesse van Brenen,054 2901085,Beuningen Gld
ST000011,Milan Melet,(0293) 824855,Sellingen
ST000012,Lize Heere,+31(0)811 169392,Westzaan
ST000013,Amira Bruynzeels,+3181 3525172,Neerlangel
ST000014,Muhammed Dachgelt,+31507-178609,Zweins
ST000015,Vigo Sarneel,0629 312123,Oudorp
ST000016,Luna de Marduras,+31(0)23-7918710,Ees
ST000017,Nisa Bouthoorn,+31725 058488,Merkelbeek
ST000018,  LIEKE BORMAN  ,(0449) 442431,Uitgeest
ST000019,Senn Brizee,+31(0)38 8370086,Boksum
ST000020,Julian Fredriks,+31826-664542,Wormer
ST000021,Amira van Breukelveen,+31(0)302-443876,Ruurlo
ST000022,Isa Bijlsma,0820-669388,Biddinghuizen
ST000023,Phileine Ariens Ansems,+31330 626549,Stad aan 't Haringvliet
ST000024,Milo van Ham,0199 432400,Gasteren
ST000025,Xavi Rijcken,(0319) 907535,Valburg
ST000026,Michael Erhout,066 0053137,Westmaas
ST000027,Dina Werdes,(032)-1683929,Maasland
ST000028,Ninthe Dekker,(0583) 682412,Sint-Maartensdijk
ST000029,Mette Smith,+31(0)375-634545,Bunnik
ST000030,Mirte Steenbeek,+3195-4374010,Ell
ST000031,Anouk Becht,034 3646028,Hoogerheide
ST000032,Merel Luitgardis van Neustrië,(079)-2298137,Leiderdorp
ST000033,Ali van Enschot,+31(0)93 1783945,Bruinehaar
ST000034,Chloë van Liendert,+31460-880771,Willemstad
ST000035,Amelia de Bruin,+31(0)212-298605,Lomm
ST000036,Mustafa Roosenboom,+3111 4966265,Heenvliet
ST000037,Anouk Leguit,+3172 7000423,Midsland
ST000038,Fay van 't Houteveen,(0593) 777315,Slochteren
ST000039,Zoey Becht,+31(0)619 429583,Heukelum
ST000040,Rens Lucas,+31(0)74 9520957,Moerdijk
ST000041,Lily Ansems,(0621)-087850,Gouderak
ST000042,Morris Schatteleijn,050-5267680,Nieuw-Roden
ST000043,Nout Wouters van Eijndhoven,(0350) 091548,Herbaijum
ST000044,Bart Adryaens,(0210)-959484,Rogat
ST000045,Hugo van Straaten,(021) 4977574,Wedde
ST000046,Angelina van der Spaendonc,+31(0)34-0571505,Elp
ST000047,Bas Vergeer,+3199-3664738,Driebruggen
ST000048,Luc Claesdr,(0129)-637146,West-Terschelling
ST000049,Amina Vierdag,+31(0)059-776235,Heijen
ST000050,Liz Weijland,(054)-6303406,Den Bommel
ST000051,Nora van Suinvorde,+31581 880179,Benneveld
ST000052,Mark Dubois,+31(0)09-2052720,Hoogersmilde
ST000053,Dylano Brizee,(001) 5643705,Jonkerslân
ST000054,Silke de Vroege,+3163-0090729,Vroomshoop
ST000055,Twan Waltrade Walderade,033-0232884,Hei- en Boeicop
ST000056,Dani de Wit,+31(0)96-4791755,Ophemert
ST000057,Dani Ellis,+31(0)930-207939,Oosterwijk
ST000058,Inaya van Hoevel en van Zwindrecht,+31093 361190,Geesbrug
ST000059,Jesper le Guellec,(014)-1503175,Oudehaske
ST000060,Thom Jurrijens,+31958 197624,Hellouw
ST000061,Kyan Stange,+3196-1148068,Wetering
ST000062,Silke Otto,+31(0)989-762155,Sauwerd
ST000063,Lola van Eck,+31302 691312,Oudeschip
ST000064,Olivia van Oudewater,073-5452684,Budel
ST000065,Noor van Susa,+31(0)898 832370,Tonden
ST000066,Noud Teunissen,(098) 6751359,Klazienaveen
ST000067,gIJS VAN DER vEN,+31(0)70 8805881,Hempens
ST000068,Jolijn van Loon,0162-726922,Meteren
ST000069,Roan Wolzak,+3132 2584523,Krommenie
ST000070,Mike Bouwhuisen,+31126 681638,Radio Kootwijk
ST000071,  Joris van den Hoek  ,+31(0)410-988255,Overschild
ST000072,Fleur Miltenburg,082 1001753,Kwintsheul
ST000073,Demi Koster,+31(0)69 1014433,Budel-Schoot
ST000074,Kiki de Werd,(049) 5961019,Bovenkarspel
ST000075,Samuel van Tuijl,0740-494501,Kring van Dorth
ST000076,Carlijn van Stralen,+31911 571701,Vlagtwedde
ST000077,Tara Eijkelboom,+31569-929632,Stellendam
ST000078,Chloë Labado,(0288) 596416,Tholen
ST000079,Dylano van Drenthe,036-8666433,Broek
ST000080,Chloë Jonkman,037-2034594,Maasbommel
ST000081,Linn Dorsman,+31(0)91-0821890,Wier
ST000082,Damian Moensendijk,+3128 5504081,Ellertshaar
ST000083,Lise van Cuijck,088-0264101,Beneden-Leeuwen
ST000084,Sil Jdotte,,Twello
ST000085,Selina Vervoort,+3190 9810295,Zierikzee
ST000086,Josephine Hekker,+31864-916913,Bruinehaar
ST000087,Fay Ellis,+31(0)90-1867619,Borgercompagnie
ST000088,Bas van Susa,+3100-1799250,Oude-Tonge
ST000089,Joshua Rek,+31(0)202-668861,Hellouw
ST000090,Alyssa Huisman,0046-064526,Best
ST000091,Sarah Bruynzeels,0748 313913,Havelte
ST000092,Guusje Rehorst,+31(0)49-6426328,Warmond
ST000093,Duuk Ramaker,0339-551156,Heukelom
ST000094,Jake Bökenkamp,024 3123340,Rottum
ST000095,Rens Schuylenborch,(032) 4233164,Zuidvelde
ST000096,Isabel van Kasteelen,+31350-182210,Okkenbroek
ST000097,Noor Rijntjes,(087)-3234449,Zuidwolde
ST000098,Mees Jonkman,+31(0)623 948656,Vleuten
ST000099,Dave de Strigter,033-3670103,Kruisland
ST000100,Ize van Riet,0956-736543,Vaals
ST000101,Maud Elsemulder,083 7933072,Buchten
ST000102,Kaylee Keijser,,Liempde
ST000103,Mika Diesbergen,+3161-0823625,Aalsum
ST000104,Sam Mulders,(059)-9063105,De Weere
ST000105,Tycho Gellemeyer,+3116 4676950,Bemelen
ST000106,Liz Dirksen,(057) 7839193,Ilpendam
ST000107,Riley Verhoeven,(019)-8021681,Peins
ST000108,Olivia Bastiaense,(0430)-668928,Grevenbicht
ST000109,Ceylin die Witte,(099) 7584988,Hensbroek
ST000110,Yasmin Slaetsdochter,+31(0)581-792056,Ugchelen
ST000111,Lise Uphaus,031 4783867,Swifterbant
ST000112,Maaike Rubben,(0557)-263343,Aalden
ST000113,Mason Geertsen,056-2957209,Klein Zundert
ST000114,Collin Dennenberg,050 9405918,Ternaard
ST000115,Johanna Kort,(0571)-250612,Noord-Scharwoude
ST000116,Noah van der Linden,+31(0)735 647698,Nieuwerkerk
ST000117,Sam Bos,(036)-3109235,Daarle
ST000118,Jip Smits,+31082 758428,Winterswijk Meddo
ST000119,Ties Jeggij,+31(0)51-1124709,Kamerik
ST000120,Bas de Vrome,041-1496521,Vlieland
ST000121,Lotte Duivenvoorden,(026) 2546728,Wijckel
ST000122,Selina de Korte,+31561-772881,Noordbeemster
ST000123,Colin van der Velden,(097) 9591796,Meeuwen
ST000124,Nova le Briel,+31(0)631 362739,Sintjohannesga
ST000125,Jente Hemma van Allemanië,+3175 8911650,Ommen
ST000126,Lily van Beaumont,(001) 9200678,Pannerden
ST000127,Tobias Greij,+31(0)59-8359296,Echten
ST000128,Ian Jeggij,+31609-057151,Lutjewinkel
ST000129,Pleun Nek,+31922 018021,Sonnega
ST000130,Laura Dubois,+31(0)83 9583317,Nieuwerkerk
ST000131,Lot Helmerhorst,(052)-4868532,Roderesch
ST000132,  Luca Everts  ,+31(0)087 455909,Ypecolsga
ST000133,Phileine Dekker,0216 656641,Termunterzijl
ST000134,Rick Wever,+3100 5875564,Hempens
ST000135,Beau de Roos,+31(0)95 8078928,Anna Paulowna
ST000136,Jet van Daal,+31(0)10 0293011,Drongelen
ST000137,Faas de Beer,,Broek op Langedijk
ST000138,Sofie Hermans,+31(0)899 202398,Dalem
ST000139,Sjoerd Slagmolen,+31(0)870 158366,Zandvoort
ST000140,Arthur de Keijser,(0617) 643750,Leons
ST000141,Dana van Dongen,+31312 414190,Hoenderloo
ST000142,Mart Lensen,+31664-018401,Maarheeze
ST000143,Josephine Schouten,+31928 480102,Zegge
ST000144,Joost van der Smeede,+31953 194259,Sint Maartensbrug
ST000145,Jort Slaetsdochter,+31(0)86-2951218,Zegge
ST000146,Elise van Lucel,(0565)-474118,Garmerwolde
ST000147,Roan Spiker,(094)-6275434,Wetering
ST000148,Mika de la Fleche,073 6136762,Vessem
ST000149,Bram Koster,021 2855105,Zeewolde
ST000150,Olivier van Laarhoven,0851-949617,Gieterveen
ST000151,Yinthe van Engeland,+31(0)526 959387,Darp
ST000152,Danique Smith,0215-552541,Zuurdijk
ST000153,Nina Poncelet,+31(0)37-9622929,Bitgummole
ST000154,Stefan de Werd,050 2821036,Loozen
ST000155,Yara Maas,(007) 7820319,Stramproy
ST000156,Zara de Gruil,064-2998671,Oosterwijtwerd
ST000157,Sebastiaan Rijcken,(0688)-779308,Zegveld
ST000158,Wouter van Mispelen,+3140 1342260,Westwoud
ST000159,Teun van den Velden,+31(0)290 428113,Den Andel
ST000160,Sterre Huurdeman,040-1291555,Nieuw-Vennep
ST000161,Mart van den Bosch,+31268 258618,Achtmaal
ST000162,Jet Kalman,063 4838679,Kelpen-Oler
ST000163,Liz van Hulten,(0389) 830996,Eagum
ST000164,Pippa Kruns,+3132 3824499,Zevenbergen
ST000165,Ella Roodesteijn,(031) 1292723,Balkbrug
ST000166,Lorenzo Schelvis,+31(0)23-4962873,Montfoort
ST000167,Keano Pastoors,(0793)-777715,Aalsum
ST000168,Boris van Ginkel,0386 912231,Berltsum
ST000169,Elizabeth Tielemans,+31(0)002 492997,Asperen
ST000170,Kyan van Heusden,0310-042137,Haler
ST000171,Saar Perck,+31(0)91-9538597,Hardinxveld-Giessendam
ST000172,Lotte de Leeuw,(083)-8985961,Amstenrade
ST000173,Naud Schelvis,(048)-0573697,Buurmalsen
ST000174,Senna van der Maath,+3115 9938179,Stiens
ST000175,Isis Rijcken,+31039-158370,Zutphen
ST000176,Mirte van Embden,(038)-4964300,Wijnbergen
ST000177,Julie Knuf,+3112 8308296,Heiloo
ST000178,Marijn van Mare,+31(0)596-006404,Suwâld
ST000179,Olivier Brumleve,070-0018430,Wouw
ST000180,Dewi Tins,+31998-997335,Sellingen
ST000181,Anna van Vliet,(0318)-224122,De Wilgen
ST000182,Jennifer Schilt,+31(0)09 3603493,Aarlanderveen
ST000183,Roos Scheer,(020)-4545736,Horssen
ST000184,Elena Fremie,+31(0)909 548696,Spier
ST000185,Sam van Noort,+31(0)048 432018,Noordgouwe
ST000186,Nisa van den Berg,(0234)-907906,Vinkel
ST000187,Tess Krabbe,+31004-390860,Velp
ST000188,Ella Brisee,(047) 9507202,Hommerts
ST000189,Rik van der Kaay,+31(0)16-4449982,Reeuwijk
ST000190,Sep Bos,+31(0)89-9158406,Kootwijkerbroek
ST000191,Giovanni Klomp Jan,+31(0)122-656436,Twisk
ST000192,Mustafa Verwoert,+31(0)539 891537,Assen
ST000193,Roan Doesburg,+31(0)34-3472869,Groesbeek
ST000194,Lena van Oostendorp,027 6259029,Baambrugge
ST000195,Anna van Drenthe,071 7085830,Boekel
ST000196,Ravi Belpere,+31(0)28-1083440,Rijkevoort
ST000197,Noëlle Rijks,+31(0)949 308165,Lageland
ST000198,Eline Lafleur,(0764)-194261,Spierdijk
ST000199,Chris Aertsz,011 9122231,Twijzelerheide
ST000200,Quinty Haengreve,+31382 508778,Veere
ST000201,Jasper van Suinvorde,(042)-6492115,Blesdijke
ST000202,Janne Coenen,(0921)-155430,Lewedorp
ST000203,Jolie Coret-Coredo,+3181-8175183,Ossenisse
ST000204,Hendrik Ernst,074 2395552,Baarlo
ST000205,Linn Vial,+31283-035114,Herpen
ST000206,Isa Heijman,(0557)-860134,Haarzuilens
ST000207,Esther Geerling,084-5883928,Ansen
ST000208,Janne Bökenkamp,+31(0)08-8286311,Oudorp
ST000209,Elise van Ham,,Heerewaarden
ST000210,Nora van Wessex,0351-311727,Langbroek
ST000211,Abel Adriaense,(0865) 065997,Nieuweroord
ST000212,Luke van den Heuvel,+31773 005283,Donderen
ST000213,Tygo van Limburg,+31(0)90 9378778,Dalerveen
ST000214,Jordy de Keijser,(016)-7337242,Westerwijtwerd
ST000215,Yinthe van Wijk,+31(0)660-860144,Egmond aan Zee
ST000216,Bradley Boudewijns,006 9103065,Andel
ST000217,Beau van Mil,+3108 3729886,Oud Ade
ST000218,Damian van Leeuwen,(0865)-862201,Zundert
ST000219,Annabel Scheffers,(061)-8430407,Ottoland
ST000220,Kai Verbruggen,096-9920061,Benneveld
ST000221,Siem Blonk,0113-253803,Drouwen
ST000222,Adam Spies,+31(0)39 1099969,Markelo
ST000223,Thom Zijlemans,,IJzendijke
ST000224,Maurits Pierson,+31(0)485-335664,Scharwoude
ST000225,Madelief Werdes,+3156-2707609,Beusichem
ST000226,QUINN MEIS,+31(0)71-1069950,Gasteren
ST000227,Ize Groen,038-4318017,Surhuizum
ST000228,Nikki van 't Wel,+3188-7358625,Tull en 't Waal
ST000229,Duuk Vandenbergh,(0105) 703868,Naarden
ST000230,Quinten Rouwenhorst,+31086 873688,Zeegse
ST000231,Dave Heijman,+31422-335114,Ryptsjerk
ST000232,Brent van den Eijssel,(004) 4795193,Onnen
ST000233,Sam Vaessen,+31(0)58 1548367,Schokland
ST000234,Mirte Belpere,0763-835785,Snikzwaag
ST000235,Suus Van Bragt,0655-230016,Oppenhuizen
ST000236,Dean Ligtvoet,094-9164190,Beuningen Gld
ST000237,Annabel de Keijser,+3182-1668030,Wijnjewoude
ST000238,Jenna Vergeer,+31164-918881,Broek in Waterland
ST000239,Alex van de Brink,(011) 0193122,Akersloot
ST000240,Imran Ellis,(0703)-902166,Punthorst
ST000241,Loïs Matthews,082 7442717,Vriezenveen
ST000242,Lize Hazenveld,021-0003990,Weteringbrug
ST000243,Eva van der Kaay,0562-894849,Odiliapeel
ST000244,Owen van Cuijck,0711 790323,Hartwerd
ST000245,Tycho Brizee,+3105-8222549,Borger
ST000246,Kiki van Herstal,088-8552855,Wieringerwerf
ST000247,Indy Ooms,0028-524281,Boven-Leeuwen
ST000248,Hugo Boers,071-3898064,Hindeloopen
ST000249,Evie Weijters,0793 373535,Uithuizen
ST000250,Justin van Hoevel en van Zwindrecht,+31(0)27 7279443,Fluitenberg
ST000251,Naomi Bastiaanse,068 8629259,Meijel
ST000252,Jayda van den Berg,(0707) 136971,Marknesse
ST000253,Zeynep Ruijs,0556-308675,Balkbrug
ST000254,Tycho Françoise,+31630-172453,Breedenbroek
ST000255,Giovanni Arts,+3153-3062052,Donderen
ST000256,Marit Takkelenburg,0891 044483,Boelenslaan
ST000257,Bibi Feenstra,007 8661589,Randwijk
ST000258,Mart le Floch,(0131) 907541,Bocholtz
ST000259,Aimée Nek,0361 492198,Eemnes
ST000260,bENTE rOOSENBOOM,0284-463388,Edam
ST000261,Elize Werdes,(0796)-840276,Helmond
ST000262,Tara van Dooren,(099)-0801481,Markenbinnen
ST000263,Fabiënne Kisman,0907 750149,Marken
ST000264,Lindsey Muller,065-2015749,De Goorn
ST000265,Keano Serra,+31(0)83 1156050,Mussel
ST000266,Nout van Heusden,+31(0)56-0715297,Jirnsum
ST000267,Elif Erhout,+31(0)763-559464,Vlaardingen
ST000268,Jente Emmen,+3102-9596413,Renswoude
ST000269,Lisa van 't Houteveen,0720-657467,Bergambacht
ST000270,Lars Huisman,+31681-597251,Kekerdom
ST000271,Luca Zuijdveld,097-7099195,Piershil
ST000272,Noah Ansems,(0817) 813110,Kiel-Windeweer
ST000273,Job Joosten,+31769-788301,Heteren
ST000274,Marijn Olykan,0831-840172,Groot-Ammers
ST000275,Ella Luboch,+31(0)53-5711458,Heesbeen
ST000276,Bo Jansen,078-8013984,Breezand
ST000277,Ruben de Roo,+31880-408292,Noordbroek
ST000278,Jennifer de Vrome,(072) 3011208,Driebruggen
ST000279,Benjamin van der Berg,0857 898853,Kaard
ST000280,Yinthe van Bovenen,039 4550193,Beltrum
ST000281,Fedde Neuzerling,(0271) 138090,Gaastmeer
ST000282,Anouk Jekel,+31(0)60 1431255,Rhoon
ST000283,Pepijn Koster,(056)-5961282,Bruchem
ST000284,Raf Momberg,0345-483891,Vries
ST000285,Elize van Ooyen,(0378)-255189,Oudega
ST000286,Ize van den Berg,+31442-693455,Benthuizen
ST000287,Veerle Overeem,+31676 435065,Weerselo
ST000288,Thijmen Soos,0561-467253,Blaricum
ST000289,Aya Mathol,0993 802321,Sauwerd
ST000290,Jente Drysdale,(0117)-642982,Scharwoude
ST000291,Liz Noordijk,(0227) 681379,Nijland
ST000292,Lize van Oirschot,+31(0)59-9183591,Koog aan de Zaan
ST000293,Felix Wilson,+31(0)24-2654831,Velserbroek
ST000294,Noah Ligtvoet,(0061)-192180,Nieuw-Vossemeer
ST000295,Eline Keltenie,+3111-8619615,Bredevoort
ST000296,Mark Pieters van der Maes,(008)-7115258,Nieuwaal
ST000297,Maud den Teuling,086-0714846,Heino
ST000298,Mohammed van Dongen,+3114 8179614,Kerkwijk
ST000299,Daphne de Hoog,+31(0)066 808001,Kapelle
ST000300,Justin van Geffen,(0436)-376280,De Waal
ST000301,Colin Slingerland,(065)-7429703,Katlijk
ST000302,Maarten Mathurin,+31(0)00-8226067,Opheusden
ST000303,Pieter van der Kint,+31(0)69 4130106,Boksum
ST000304,Bo van de Ven,+31(0)954 653118,Dedgum
ST000305,Kick Koeman,+3194-2327244,Keent
ST000306,Robin Haselaar,(063)-3605671,Schildwolde
ST000307,Sophie Slingerland,018-7596250,Lent
ST000308,Kevin de Vries,+31692-020091,Driezum
ST000309,Ivy van Rheineck,+31(0)338 873024,Akersloot
ST000310,Jari Hehl,+31(0)704-380175,Scharsterbrug
ST000311,Raf Vervoort,+31(0)931 133622,Dalen
ST000312,Berat de Bruyn,+31831 512705,Tiel
ST000313,Mike Klomp Jan,+3165-6684901,Ginnum
ST000314,Jenna Verhaar,(0009)-438359,Drempt
ST000315,Tijn van der Zijl,(019) 3102673,Barsingerhorn
ST000316,Laurens Wipstrik,,Kraggenburg
ST000317,Jari Butselaar,0389 091465,Noorbeek
ST000318,Sienna Everts,0625 729373,Nisse
ST000319,Lieke van den Oever,+31(0)147-853036,Hilaard
ST000320,Hamza Matthews,+3188-6438360,Hauwert
ST000321,Samuel Kok,+31(0)885 356158,Nietap
ST000322,Eliza van de Velden,006-7512671,Tripscompagnie
ST000323,Boris Moenen,(010) 1163109,Medemblik
ST000324,Niels Ridder,+31(0)300-221005,Dalfsen
ST000325,Mart Ellis,0031-612231,Langerak
ST000326,Stella Korstman,(066)-3216664,Noorbeek
ST000327,Yusuf de Reede,080 4920560,'s-Heer Arendskerke
ST000328,Tara Goudriaan,+3109-9788247,Gemonde
ST000329,Loek Doorhof,0717-311908,Rijswijk (NB)
ST000330,Vince Walter,+3145 4560278,Den Horn
ST000331,Roos de Korte,,Sebaldeburen
ST000332,Jayda Kok,(014) 3565734,Smallebrugge
ST000333,Amira van den Velde,(0878) 818386,Renkum
ST000334,Kick Melet,+31954-137317,Schaijk
ST000335,Dex Koster,(0117) 007663,Midlum
ST000336,Ben van Beaumont,+31846 056293,Megchelen
ST000337,Jenna van Schweinfurt,019 9738916,Papekop
ST000338,Jayden Spiker,+3108-1784787,Zuidlaren
ST000339,Mats Mathurin,(0847)-774771,Wenum Wiesel
ST000340,Ivy Eijkelboom,(0955)-617962,Zwartewaal
ST000341,Puck Martel,0748-648971,Est
ST000342,Maria Adriaensdr,+3126-5124589,Spijk
ST000343,Tijn van Wijk,0876 416768,De Bult
ST000344,Maud de Jonge,(067) 0869172,Nijensleek
ST000345,Fenna van der Smeede,+31622-161641,Langenboom
ST000346,Sander Cornelisse,+31(0)49-1739753,Warten
ST000347,Yasmine Pison,(015) 4464650,Veeningen
ST000348,Elena van Tours,0600-901964,Hazerswoude-Dorp
ST000349,Quinn Eelman,+3184-7966288,Vogelwaarde
ST000350,Imke Engels,(089)-5210859,Uden
ST000351,Jorn Jansse,0667 171559,Grathem
ST000352,Michelle Roose,+31(0)76 7383895,Groesbeek
ST000353,  Giel Pasman  ,(0823) 952432,Donkerbroek
ST000354,Bas Hendriks,+31(0)622 562551,Thorn
ST000355,Emily Jdotte,048 5975781,Ravenstein
ST000356,Evy Olthof,0205 225614,Schettens
ST000357,Tycho die Pelser,(0667) 639938,Glane
ST000358,Puk Vermeulen,+3194 2762356,Hollum
ST000359,Ryan Zuidweg,(0950)-505801,Dinxperlo
ST000360,Loïs Karels,035-7476872,Gorinchem
ST000361,Stefan Wright,+31982 340224,Stad aan 't Haringvliet
ST000362,Felix Chrodtrud,+31(0)09 2335211,Oudehaske
ST000363,Linn Unruoch Hunerik,+31(0)218 806806,Eerbeek
ST000364,Mehmet Heerkens,+31210 717427,Bocholtz
ST000365,Lynn Heerschop,079-2069068,Enschede
ST000366,Megan Korsman,+31509 182957,Nijlande
ST000367,Ayden van den Henst,(082)-7171446,Heerlen
ST000368,  Senna van Leeuwen  ,0611 444824,Ospel
ST000369,Lynn Beourgeois,0785 803597,Oudendijk
ST000370,Nadia de Ruiter,(0309)-606668,Schokland
ST000371,Dex Slingerland,+31(0)673 602984,Briltil
ST000372,Maya Rijntjes,0867-283496,Neer
ST000373,Hidde Hoelen,(085) 7085337,Doorn
ST000374,Puck van Luin,+31748 309759,Schinveld
ST000375,Michael Die Bont,+3137-0078033,Oegstgeest
ST000376,Noa Kamp,+31717-927004,Kedichem
ST000377,Isa Serra,(0806) 493331,Egchel
ST000378,Maryam Cornelissen,+31(0)590-225466,America
ST000379,Johannes Geerts,+31(0)32-8793979,Heerhugowaard
ST000380,Elize Ariens,+31587 559311,Nieuw Heeten
ST000381,Jinthe Beernink,+3194-6391755,Abbega
ST000382,Lola Pieters van der Maes,(045) 7028385,Klimmen
ST000383,Jonas Huijzing,+31844 702265,Hauwert
ST000384,Meike van Ooyen,+31(0)888-976074,Snelrewaard
ST000385,Sten Blees,+31(0)306-014292,Oude Wetering
ST000386,Benthe Brouwer,(0642) 548778,Maastricht-Airport
ST000387,Saar Berends,(023)-1624936,Nieuw-Roden
ST000388,Ruben de Keijser,(0458) 506560,Stegeren
ST000389,Lize Elsemulder,+31499 079141,Lichtenvoorde
ST000390,Chloë van de Velden,003 8381112,Vlodrop
ST000391,Mohamed Brouwer,(0626) 556830,Vlieland
ST000392,Amina van Boulogne,+31003-527447,Bergeijk
ST000393,Noor Lommert,+31(0)86 0969841,Raamsdonk
ST000394,Abel Rijcken,+3195-8520331,Jonkersvaart
ST000395,Zoë Simonis,+31(0)80 2808068,Beerta
ST000396,Yara van Oudewater,,Siegerswoude
ST000397,Dina Rubben,+3127-1193435,Millingen aan de Rijn
ST000398,Emma Levesque,(025) 1102492,Maren-Kessel
ST000399,Hidde le Floch,(0845)-070143,Melick
ST000400,Amir Govarts,(0070) 750045,Lauwerzijl
ST000401,Helena Elbertse,(0981) 947030,Woudbloem
ST000402,  Joshua van 't Riet  ,+31(0)948 270344,Baambrugge
ST000403,Anne van Duivenvoorde,(0592) 308066,Odoorn
ST000404,Tristan Hulst,+3110 0860936,Bodegraven
ST000405,Fleur Sam,(040)-2951335,Oostburg
ST000406,Selena Vial,+31386 648116,Wirdum Gn
ST000407,Robin Weylant,+31(0)399-396232,Rijswijk
ST000408,Levi van den Broek,,Nieuw-Vossemeer
ST000409,Roan Brumleve,(0394) 751436,Vragender
ST000410,Koen Blom,(0697)-557819,Hijum
ST000411,Aylin Wolffel,+31(0)429-248200,Weurt
ST000412,Chloë Spruyt,+31(0)19-7697758,Beegden
ST000413,Mathijs van Grondelle,050 7536650,Zwolle
ST000414,Gerrit Thout,+31(0)83 9706763,Laren
ST000415,Lina Grondel,0609-150204,Donkerbroek
ST000416,Maartje Visser,(045)-1621447,Bunschoten-Spakenburg
ST000417,Carlijn van den Brink,0273-454718,Mirns
ST000418,Luna van Geenen,+31396-884603,Mariaparochie
ST000419,Levi van Liendert,+31105-941787,Aalsmeerderbrug
ST000420,Kevin Bosman,0669 474117,Oudehaske
ST000421,Sander van der Loo,030-3546220,Wanroij
ST000422,Nikki van der Meer,+31(0)508 348329,Oudehorne
ST000423,Merel van den Wittenboer,(0127)-525772,Beek
ST000424,Melle van Dongen,078 5390881,Hank
ST000425,Daniël Jerusalem,+31(0)30 5123509,Horst
ST000426,Arie van Herstal,+31838-372907,Stokkum
ST000427,Victor Freshour,023-0189774,Leersum
ST000428,Rowan van Oostendorp,+31(0)548-645409,Heiligerlee
ST000429,Sep van den Nuwenhuijzen,+31531 006007,Hattemerbroek
ST000430,Esmée Adelaar,+31(0)343-499483,Voerendaal
ST000431,Fenna Otte,+31(0)77-8337456,Rotstergaast
ST000432,Feline van Ham,(0986) 124111,Kalenberg
ST000433,Kate Passchiers,+3167-6560838,Blaricum
ST000434,Olaf Remmers,+3129-8155445,Woltersum
ST000435,Sterre Lucas,+31216-981473,Amstelveen
ST000436,Raf Verhagen,+31(0)527-689145,Sneek
ST000437,Koen Elberts,014 1139341,Harlingen
ST000438,Ilse van der Spaendonc,(0065) 307827,Maasbracht
ST000439,Johannes de Reede,+3137-9960363,Ansen
ST000440,Lucas van Arkel,+31267-006122,Oudenbosch
ST000441,Wouter de Gruijter,+31(0)48-2723492,Lettele
ST000442,Sam Bertho,+31829-392399,Oude Wetering
ST000443,Cato Hoekstra,+31(0)14-4826273,Nieuw-Balinge
ST000444,Noud Jekel,+31(0)336 082222,Weidum
ST000445,Zoey Spier,(0369)-005489,Loënga
ST000446,Sepp Wilcken,+31871 170252,Ommel
ST000447,Puk Visser,+31837 214019,Idzega
ST000448,Mark Volcke,+31(0)17-2765464,Hedel
ST000449,Luna d' Heripon,+31(0)08 4500468,Doldersum
ST000450,Alyssa Furda,+31(0)12 9352653,Vries
ST000451,Sara Kronenberg,+3120-4553340,Herkenbosch
ST000452,Samuel van Hoevel en van Zwindrecht,+31(0)25 5824263,Oostzaan
ST000453,Luuk van Bovene,+31(0)734-785396,Babyloniënbroek
ST000454,Charlotte van Gent,(0953)-953573,Zandeweer
ST000455,Elizabeth Houdijk,,Roswinkel
ST000456,Luca Lemmens,+31(0)40-6293376,Duivendrecht
ST000457,Elize Knuf,+3150 6796256,Darp
ST000458,Quinn Jansen,(054) 7853931,Dreischor
ST000459,Luca Verbeeck,(045) 5745547,Veenendaal
ST000460,Jonathan Terry,060-5204518,Tirns
ST000461,Sem Kwaadland,0034-612659,Annerveenschekanaal
ST000462,Joël Post,+31(0)17-4401920,Reuver
ST000463,Elizabeth Kosten,+31(0)86-3323628,Rhee
ST000464,Gijs Huberts,(073) 7958986,Cruquius
ST000465,Adriana Arts,+31783 355154,Steyl
ST000466,Maja van den Corput,+31(0)69 4787610,Vijlen
ST000467,Hannah Wright,072-9675659,Wâlterswâld
ST000468,Ecrin Kort,+31709-134334,Opende
ST000469,Philip Opmans,0387-969354,Rijswijk (NB)
ST000470,Bastiaan Knoers,+3127-9148335,Est
ST000471,Megan Bastiaense,+31(0)75 0086528,Oosterwijk
ST000472,Lotte Uphaus,067 9221264,Varik
ST000473,Amira Vertoor,(0759) 055667,Gendringen
ST000474,Luke de Gruijter,071 0492863,Wezep
ST000475,Lana de Koning,009 7703969,Westerbork
ST000476,Isis Blom,054-0062274,Otterlo
ST000477,Bente van Clootwijck,+31839 311712,Manderveen
ST000478,Veerle Gerritsen,0437-112958,Houwerzijl
ST000479,Angelina van Dam,0307 219868,Dieden
ST000480,Lise van der Linden,+31237 233845,Nuis
ST000481,Esmee Kloppert,+31336-632271,Westerbeek
ST000482,Hailey van Northeim,0083-805168,Sweikhuizen
ST000483,Riley Booden,+31(0)64 5885082,Sint-Annaland
ST000484,Pleun van Gorp,+3182 2750078,Landgraaf
ST000485,Laura van der Ven,037 1874441,Sint-Oedenrode
ST000486,Lucy Postma,+31168-250323,Enschede
ST000487,Elise van Arnsberg,058 7626174,Waspik
ST000488,Liam Bastiaense,+3198 0759588,Oudewater
ST000489,Maaike Lafleur,+31(0)769-989669,Boazum
ST000490,Ilse Slaetsdochter,+3144-0841611,Werkhoven
ST000491,Senna Verhoeven,+3141 2680531,Kapel Avezaath
ST000492,Zeynep van Beieren,037 7014414,Gemonde
ST000493,Dana Oda,+3108-5038298,Mariahout
ST000494,Thijn Pratt,012-8419227,Erp
ST000495,Kaylee d' Heripon,+3196-4987353,Losdorp
ST000496,Catharina Boddaugh,(0976)-359996,Denekamp
ST000497,Noortje van de Velden,008 7187308,Staphorst
ST000498,Azra van der Mast,(025)-8732883,Hank
ST000499,Jorn Sarneel,+31(0)55 9663647,Schoonebeek
ST000500,Laura Wildschut,(0156) 006406,Sint Pancras
ST000501,Vincent Galenzone,,Koningslust
ST000502,Nynke van Schweinfurt,+3186-2301705,Langezwaag
ST000503,Thom van de Veen,0333-759854,Meliskerke
ST000504,Floor van der Stael de Jonge,(097) 3544947,Middelaar
ST000505,Noah Speijer,(057) 0304100,Nijeveen
ST000506,Simon Pierson,(025)-1533621,Exloo
ST000507,Twan van Alenburg,+31(0)42 2536992,Stad aan 't Haringvliet
ST000508,Mick Schrant,0283 022054,West-Graftdijk
ST000509,Bente Dachgelt,+31(0)88-2723916,Leersum
ST000510,Elise Peters,+31(0)78-8011035,Witte Paarden
ST000511,Sanne Stichter,(037) 2108933,Meerssen
ST000512,Sarah Hoedemakers,+31394-701620,Sonnega
ST000513,Evelien Rotteveel,(066) 6214853,Brunssum
ST000514,Jolijn Blonk,+31(0)107-728423,Alphen
ST000515,Felix Lind,+31(0)464 864005,Barsingerhorn
ST000516,Ruben Konings,(0972) 371866,Sintjohannesga
ST000517,Hendrik Bruijne van der Veen,025 7288126,Veghel
ST000518,Siem Vervoort,(080) 3300326,Farmsum
ST000519,Giel Govarts,0739 324802,Alkmaar
ST000520,Fabiënne Westerburg,,2e Exloërmond
ST000521,Aya Kalman,065 1366909,Gelderswoude
ST000522,Jamie Smit,+3165-5248931,Ameide
ST000523,Pim Verbeek,+31(0)34-4494179,Oosterhesselen
ST000524,Lana Heere,,Hendrik-Ido-Ambacht
ST000525,Tara Smeets,+31(0)10-7611206,Zaandijk
ST000526,Evy Adelaar,085 3401486,Schalkhaar
ST000527,Iris van den Berg,0882-212540,Hurdegaryp
ST000528,Maryam van Dommelen,(0959) 339775,Vorstenbosch
ST000529,Saar Cant,0471 452204,Reuver
ST000530,Dean van Bentheim,+31774 201331,Beetsterzwaag
ST000531,Gerrit van Geenen,(0874)-182002,Molenaarsgraaf
ST000532,Roan Boogaerts,+31(0)442 734297,Ophemert
ST000533,Jasper Bellemans,+3149-2483792,Húns
ST000534,Amy Guit,+31(0)431 254866,Lambertschaag
ST000535,Guusje Tielemans,049-2499303,Zuidschermer
ST000536,Ayden Volcke,+31(0)70-9308309,Ryptsjerk
ST000537,Boaz de Heer,074 5347741,Ter Apel
ST000538,Simon Rijcken,(0715) 363828,Britswert
ST000539,Maria Zwart,0301-315745,Meedhuizen
ST000540,Quinty den Buytelaar,(0272) 657808,Peperga
ST000541,Danique Cant,+31338 474603,Elsendorp
ST000542,Kyano Vertooren,0547 100001,Leermens
ST000543,Vince Eerden,(0912) 604318,Warstiens
ST000544,Quinn Ramaker,+31(0)21 6610484,Harich
ST000545,Daniel Woudenberg,+31(0)013-147802,Alphen aan den Rijn
ST000546,Olivia van Henegouwen,(0339)-170513,Winterswijk Henxel
ST000547,Loek Blokland,+31021 297896,Holtum
ST000548,Mohamed Manne,,Nes
ST000549,Valentijn van der Kint,+31687 960390,Houtigehage
ST000550,Tim Zwijsen,+31(0)30-1983183,Oud Ade
ST000551,Berat Schuylenborch,0978-160939,Diepenheim
ST000552,Lot Nijman,0147-729366,Winterswijk Corle
ST000553,Annabel Willems,(0944)-055497,Zaamslag
ST000554,  Beau van Laarhoven  ,(005)-1182361,Den Andel
ST000555,Mads Loreal,(054)-4620771,Dalen
ST000556,Sem Ponci,+31(0)79 3270937,Een
ST000557,Michelle Frerichs,(0020)-680729,Smakt
ST000558,Teun d' Heripon,+31(0)09 4436892,Sijbekarspel
ST000559,Thijn Lind,(0447) 465557,De Tike
ST000560,Milan Groenestein,(0390)-314113,Heide
ST000561,Chloë Versluijs,(091)-7856257,Leiden
ST000562,lizzy stange,+31(0)801 046220,Nieuw-Schoonebeek
ST000563,Rick Wilson,0902-932400,Santpoort-Zuid
ST000564,Lynn de Backer,+31(0)399-251953,Krewerd
ST000565,Fabiënne Willemsen,+31(0)309 416028,Groeningen
ST000566,Vigo Huisman,+31(0)70-5496730,Westkapelle
ST000567,Sara van Bergen,070-2324607,Gapinge
ST000568,Eva Sarneel,(0132)-512593,Amstelhoek
ST000569,Jonas Chrodtrud,0542-315510,Lottum
ST000570,Sander Stichter,(0437) 120748,Helenaveen
ST000571,Maud Galenzone,(0158)-434495,Aalsmeerderbrug
ST000572,Fatima Schiffer,022 7857770,Loënga
ST000573,Romy Ansems,,Velp
ST000574,Quinn Schakelaar,(039)-4219962,Yerseke
ST000575,Milo Hendrikse,0519 367633,Axel
ST000576,Niels Bruggeman,0635-110418,Alphen aan den Rijn
ST000577,Nikki Massa,(0529)-069686,Well
ST000578,Sten van Dokkum,+31(0)861-798339,Goëngahuizen
ST000579,Elise Greij,+31(0)219 491251,Vasse
ST000580,Sanne Willems van Lier,+31(0)889-242824,Westerlee
ST000581,Maxim le Matelot,+31(0)720-460685,Kootwijk
ST000582,Elena Neuteboom,+31811-769050,Krommenie
ST000583,Fleur van Dam,+31792 171484,Geleen
ST000584,Nynke Vrancken,(0482) 276839,Westervoort
ST000585,Jayson van Luxemburg,0479 474146,Vaals
ST000586,"Lisanne Werl-Arnsberg, van",090-8043959,Eext
ST000587,Bart Oennen,(041) 0589163,Lithoijen
ST000588,Dave van Hemert,+31(0)83 2949882,Wetering
ST000589,Melissa van de Biesenbos,+31(0)17 6759380,Huizen
ST000590,Tijs Billung,(0303)-884426,Eelde
ST000591,Mike Veenstra,(073)-0519657,Ravenswoud
ST000592,Arthur van de Biezenbos,(0086)-227882,Silvolde
ST000593,Berat Spies,+31(0)68-9440676,Ven-Zelderheide
ST000594,Stefan Blaak,(0730)-224170,Sint Nicolaasga
ST000595,Frederique Joosten,+31(0)171-842000,Scheerwolde
ST000596,Lucy van der Heijden,040 1390293,Maasbommel
ST000597,Elias Vos,+31(0)329 135613,Bergen op Zoom
ST000598,Ecrin van den Wittenboer,+3151 2296692,Klarenbeek
ST000599,Michelle Heijmen,+31(0)710-459156,Piershil
ST000600,jASPER aNSEMS,053-0066365,Katwijk
ST000601,Jinthe Berends,+3137 9797839,Ossendrecht
ST000602,David Ruijs,0531 553807,Veeningen
ST000603,Tycho Carnotte,0600 615239,Valburg
ST000604,Jolijn Stinis,+31143 174759,Heythuysen
ST000605,Aaliyah van Laar,+31115-919414,Sint Nicolaasga
ST000606,Lizz van Allemanië,(081) 6936790,Sandfirden
ST000607,Ecrin Rotteveel,+31(0)544 632408,Wormerveer
ST000608,Annabel van Landen,(031)-9736911,Waaxens
ST000609,Jurre le Gallen,+31489 176023,Lage Zwaluwe
ST000610,Michael Hellevoort,(0817) 092887,Nieuwolda
ST000611,Mia Schatteleijn,+3164-6806732,Vianen
ST000612,Yfke Weyland,+31(0)774 532686,Lichtenvoorde
ST000613,Tim Dachgelder,+31431-262781,Deelen
ST000614,Stan Moensendijk,0630-864248,Domburg
ST000615,Berat Schrik,(054) 2759008,St.-Jacobiparochie
ST000616,Indy Weylant,(033) 8521393,Heiloo
ST000617,Helena de Lange,0932 488904,Drempt
ST000618,Tobias de Bruyn,(0628) 099453,Kootwijk
ST000619,Wouter Recers,062-3562723,Schalkwijk
ST000620,Maud van Leeuwen,(0059)-624217,Erlecom
ST000621,Noëlle van der Laan,(073) 3705005,Monster
ST000622,Lorenzo van Gorp,034-9359796,Oud-Beijerland
ST000623,Senna Serra,0818-592499,Velddriel
ST000624,Ize Schelvis,(028)-6539114,Schinveld
ST000625,Dirk Middelkoop,(0329)-314399,Zeeland
ST000626,Yasmin Vos,0057-347642,Kûbaard
ST000627,Sarah den Haag,+3127 6114382,Belfeld
ST000628,Tijn Jekel,+31250 095325,Kamperveen
ST000629,Silke Schuylenborch,+31(0)66 3600424,Bergen aan Zee
ST000630,Nadine Appelman,096 4275252,Schagerbrug
ST000631,Anne van den Nuwenhuysen,+31(0)241 004623,Cadier en Keer
ST000632,Mees Janse,070 1911818,Wouwse Plantage
ST000633,Sarah van Suinvorde,0230 054370,Dalerveen
ST000634,Noa Oennen,+31(0)21-4621973,Biggekerke
ST000635,Selina Prinsen,(0748) 049603,Ospel
ST000636,Tess van Kasteelen,+31505-609706,Rasquert
ST000637,Bart van de Ven,(0306) 850278,Balkbrug
ST000638,Sep Knuf,+3136-7525000,Benningbroek
ST000639,Job Brugman,0462 273115,Weiteveen
ST000640,Tyler van Rijthoven,001-8492096,Bornwird
ST000641,Bastiaan Adryaens,(0721)-388368,Alde Leie
ST000642,Alyssa Huurdeman,+31090-122134,Indijk
ST000643,Tirza de la Fleche,048 8960539,Haarle
ST000644,Evy van Leuven,+31(0)608 921838,Wanneperveen
ST000645,Tobias de Vos,+31(0)400-667550,Idaerd
ST000646,Bibi Palman,+31(0)46-3366412,Koolwijk
ST000647,Imke Oosterhout,(035) 8458176,Sappemeer
ST000648,Lena Marceron,+31(0)49 0887156,Stampersgat
ST000649,Sarah van Ghoerle,0231-782256,Vegelinsoord
ST000650,Tess Lansink,+3189-2348481,Snelrewaard
ST000651,  Dana Scuylenborchs  ,(018)-1155303,Geesbrug
ST000652,Lotte van der Linden,(013) 5616265,Hunsel
ST000653,Meike van Gastel,0457-092272,Annen
ST000654,Mette van Straaten,0256-620079,Saasveld
ST000655,Wessel van Schevinghuizen,(043)-6018475,Olburgen
ST000656,Ecrin Lelijveld,(0861) 786403,Spijkerboor
ST000657,Kate van Ommeren,027 1080544,Steenwijkerwold
ST000658,Riley Claassen,+3117-5288208,Appingedam
ST000659,Lieke Goderts,(0971)-220909,Hekelingen
ST000660,Casper Bouthoorn,+31(0)081-763214,Scharnegoutum
ST000661,Britt de Marduras,0662 826876,Oldeberkoop
ST000662,Elif Hemma van Allemanië,0845 885712,Goudswaard
ST000663,Wesley Verkade,+31328-621999,Groot-Ammers
ST000664,Lara Heyne,+3183 8404104,Oud-Vossemeer
ST000665,Valerie Aarden,+31(0)47 6819007,Olterterp
ST000666,Liam Mol,+31(0)18-3771182,Herkenbosch
ST000667,Hidde Rutten,042-1187198,Heiligerlee
ST000668,Stefan van Schweinfurt,+31(0)525 352992,Dalerveen
ST000669,Kyara van Opper-Lotharingen,+3138-1342057,Katwoude
ST000670,Suus Kirpenstein,+31442 365578,Sonnega
ST000671,Bas Jacobs,052 1115190,Niftrik
ST000672,Ise de Boer,+3168-8865641,Koudekerk aan den Rijn
ST000673,Fenna Jonker,+31(0)834-347947,Vrouwenparochie
ST000674,Evelien van Beeck Beeckmans,,Peize
ST000675,Britt Groote,(0650) 402444,Wezuperbrug
ST000676,Rick Lathrope,(057) 6337363,Menaam
ST000677,Guus Fortuyn,(0039) 279436,Loenen
ST000678,Rik Sas,(0420)-033951,Boer
ST000679,Eline van de Darnau,077-2359962,Sebaldeburen
ST000680,Joy de Haas,+31364 400506,Dinteloord
ST000681,Lucas van Daal,+31(0)200-673758,Valthermond
ST000682,Rick Kleijse,+31(0)948 850715,Geervliet
ST000683,Leah van de Water,0457-761144,Berkhout
ST000684,Noortje Huisman,+31(0)119-606126,Harkema
ST000685,Fien Arnold,(091)-9685337,Melissant
ST000686,Aron van Leeuwen,+31(0)928-541844,Winterswijk
ST000687,Sjoerd Westerbeek,(019)-6459046,Delfzijl
ST000688,Carlijn van der Heijden,+31(0)94-6851659,Manderveen
ST000689,Roos Jansen,+3146-6612101,Musselkanaal
ST000690,Dylan Corstiaens,+31(0)62 8579200,Nieuwerkerk aan den IJssel
ST000691,Dion Brumleve,0809-048310,Denekamp
ST000692,Janna Fiere,087 9412935,Starnmeer
ST000693,Cornelia Mulders,+31(0)453 339981,Schijf
ST000694,Adriana van Embden,0055-127950,Berlicum
ST000695,Tristan Schagen,0187-721496,Nieuwehorne
ST000696,Jordy Rehorst,0454 725154,Zennewijnen
ST000697,Jesse Keijser,0689 481925,Alkmaar
ST000698,Muhammed Zijlmans,+31(0)83 0575738,Marijenkampen
ST000699,Loïs d' Heripon,0324-654784,Panningen
ST000700,Philip van der Meer,+31(0)008 134022,Wanroij
ST000701,Hannah van den Nuwenhuijzen,+31(0)198 551522,Musselkanaal
ST000702,Job Die Bont,+31(0)41-8371231,Harkema
ST000703,Lotte van Loon,+31847-777628,Silvolde
ST000704,Mart Alpaidis,0081 740568,Galder
ST000705,Sterre Kuijpers,(0151)-164790,Oudelande
ST000706,Mehmet Veenstra,+31(0)985 161462,Dalem
ST000707,Olivier Galenzone,+31(0)120-628981,Mariahout
ST000708,Tycho van Clootwijck,+31773 270997,Doeveren
ST000709,Jade Furda,(017) 9996406,Beesd
ST000710,Giel Coreth von und zu Coredo und Starkenberg,(096)-1364956,Sirjansland
ST000711,Juliette van der Laar,071 7250049,Nieuw-Schoonebeek
ST000712,Amelia Schakelaar,(051)-5216875,Asten
ST000713,Nout van der Avoirt,+31(0)773 848925,Vierhuizen
ST000714,Noud van der Linden,(049)-1039235,Putte
ST000715,Aylin Schakelaar,(087) 9147807,Poortugaal
ST000716,Jordy van Bruchem,(0763)-438954,Driehuizen
ST000717,Emily Kisman,+31344-579753,Broek op Langedijk
ST000718,Evy Elberts,(078) 3573840,Oost-Graftdijk
ST000719,Elisa de Bont,+31(0)334-812069,Thorn
ST000720,Helena Oennen,092-9133209,Ommen
ST000721,Sterre Miner,(026)-8605449,De Meern
ST000722,Fedde Elberts,+31(0)95-9007964,Stadskanaal
ST000723,Saar Mercks,(023)-8696356,Heukelum
ST000724,Johanna Chevresson,086 2232150,Nijensleek
ST000725,Olivia Huisman,+31494 794353,Ruinerwold
ST000726,Jayden Coreth von und zu Coredo und Starkenberg,026-4861752,Usquert
ST000727,Kiki Kok,+31432 073242,Galder
ST000728,Adriana Hendrikse,042-6721997,Wapserveen
ST000729,Ben Verhagen,+31240 211030,Oude Pekela
ST000730,Lena Linschoten,+3179 6060670,Assen
ST000731,Jayda van den Brink,+31(0)131 141500,Aerdt
ST000732,Aiden Lagerweij,+31(0)549 332266,Stedum
ST000733,Daniel Schroeff,+3153 3721847,Borne
ST000734,Jonathan Speijer,+31(0)573-882076,De Bilt
ST000735,Elisabeth van de Water,+31(0)144-512115,Idsegahuizum
ST000736,Lot Recer,(0838)-124351,Guttecoven
ST000737,Michael van Mare,0114-477260,Suwâld
ST000738,Aylin Huberts,+3112-6587729,Berkel-Enschot
ST000739,Annabel van Kusen,073-7385992,Loppersum
ST000740,Brent van Nus,,Tilligte
ST000741,Hanna de Haan,034-8009093,Delwijnen
ST000742,Norah Lamotte,+31(0)85-2993844,Sevenum
ST000743,Joshua de Jonge,+31(0)166 504781,Eelde
ST000744,Job Hexspoor,+31161-569748,Oldenzijl
ST000745,Florian van den Pol,(0353)-209900,Jirnsum
ST000746,Sophie Jans,+31204-335205,Oud Ade
ST000747,Lex van Northeim,+3177 2338854,Luyksgestel
ST000748,Puck Koning,(0895)-691458,Biervliet
ST000749,Faas Adriaansen,0211-799768,Grubbenvorst
ST000750,Rosalie Heerschop,(015) 8127447,Hengevelde
ST000751,Luca van der Meulen,+31(0)534 025964,Zoetermeer
ST000752,Bram Bloemendaal,(075) 3275555,Voorburg
ST000753,Florian van Laarhoven,(0514)-026982,Drachten
ST000754,Loïs de Bruin,+31(0)908 811159,Dieverbrug
ST000755,Ilse Slingerland,(0220) 330188,Eursinge
ST000756,  Mika Godfrey van Alemannië  ,(003) 2856945,Ellertshaar
ST000757,Lot Postma,(032) 6464159,Zegge
ST000758,"Thijs West-Francië, van",+31749 231046,Kornwerderzand
ST000759,Elena Takkelenburg,+31(0)515-855212,Oldelamer
ST000760,Sara van der Horst,+3133-0522270,Hoogezand
ST000761,Giovanni Ansems,+31(0)152-130310,Honselersdijk
ST000762,Rick Kisman,099-4874191,Walsoorden
ST000763,Daphne van Northeim,084-1658139,Vierakker
ST000764,Pippa Zijlmans,+3110 1558686,Vorstenbosch
ST000765,Aaliyah Mudden,055-9051597,Breukeleveen
ST000766,Nick Kolster,+31(0)69-4958600,Wapse
ST000767,Maria der Kijnder,+31(0)561-943888,Frederiksoord
ST000768,Sophie Groenendaal,(0237) 074598,Vlijmen
ST000769,Joy Scuylenborchs,+3146-3313496,Garnwerd
ST000770,Arie de Leeuw,+31598-463824,Jellum
ST000771,Jayden Verhagen,0965-452328,Ooltgensplaat
ST000772,Dylan Moenen,(0462)-839048,Meliskerke
ST000773,Raf Nollee,(0602)-651663,Hegebeintum
ST000774,Stijn de Reede,+31(0)522-371906,Sint Maarten
ST000775,Jayda van den Bosch,(083) 5514909,Oldebroek
ST000776,Charlotte Phillipsen,+31(0)796 042997,Wagenberg
ST000777,Guus Blom,(0933) 535116,Drachten-Azeven
ST000778,Cas de Jode Vastraedsd,+3155 4160761,Baarland
ST000779,Elisabeth de Lange,+31957 516412,Retranchement
ST000780,Noor Schelvis,043 2524264,Koudekerk aan den Rijn
ST000781,Daan Charon,(066)-9794235,Opperdoes
ST000782,Maarten van Dagsburg,0290-643985,Oosternijkerk
ST000783,Tessa Meyer,0958 125454,Bocholtz
ST000784,Dewi Mathol,0063 193629,Weesp
ST000785,kevin van den assem,016 7460504,Hooghalen
ST000786,Raf le Gulcher,0909-617517,Tolkamer
ST000787,Kay van Kempen,,Driebergen-Rijsenburg
ST000788,Madelief Persijn,+31(0)99-2247658,Heukelum
ST000789,Benthe van Arnsberg,+31623 159310,Ulestraten
ST000790,Janne Kosten,+31(0)196-965769,Vessem
ST000791,  Giovanni Momberg  ,+3169-6213191,Wilhelminaoord
ST000792,Lieke van Limburg,(0004) 573503,Parrega
ST000793,KIAN STEINMEIERN,,Onderdendam
ST000794,Adriana Stoffelsz,(0831)-157112,Nijkerkerveen
ST000795,Ashley ter Waarbeek,(070)-2020516,Nunhem
ST000796,Senna Wolffel,0480 492619,Baarle-Nassau
ST000797,Noor Galijn,+3189 7430382,St.-Jacobiparochie
ST000798,Lieke Kriens,(015)-2504399,Ingber
ST000799,Naomi van Leeuwen,0892 900087,Beverwijk
ST000800,Raf Govarts,(050) 4267835,de Wijk
ST000801,Jenna Roose,011 2957166,Drachtstercompagnie
ST000802,Daphne Zeldenrust,(0427) 100073,Stramproy
ST000803,Julia Cornelisz,+31(0)922-650170,Deurze
ST000804,Elize Ernst,(053) 3980846,Diever
ST000805,Alex Perck,+3177 1985895,'s-Gravenpolder
ST000806,Stan van Henegouwen,013-8149819,Greonterp
ST000807,Amin Noordijk,(087) 5110961,Stiens
ST000808,Dirk Gnodde,076-4765152,Hoogeloon
ST000809,Suze Wever,0096 757979,Linden
ST000810,Lisa van Luxemburg,+31471 375144,Hoge Hexel
ST000811,Lukas Wilmont,034-3275756,Ulicoten
ST000812,Kiki Berendse,(0304)-548658,Grootschermer
ST000813,Pippa van der Laarse,(060)-5525057,Avenhorn
ST000814,Lenn Cammel,095 0500993,Enkhuizen
ST000815,Lois Pieters,0794 889550,Huis ter Heide
ST000816,Johanna Everts,086 2368628,Midwolde
ST000817,Jurre Meeres,+31501 566135,Schoonebeek
ST000818,Vincent Luster,+3125-3328987,Aerdt
ST000819,Mart Mahieu,0832-319893,Wijnbergen
ST000820,lina van de biesenbos,052 2680369,Liempde
ST000821,Simon Spreeuw,+31677-056874,Wijlre
ST000822,Lisanne Tielemans,(0802)-566681,Scheemda
ST000823,Alex Geerts,(0378) 818820,Rhenen
ST000824,Feline van Embden,+31672-901093,Odoornerveen
ST000825,Sep Lemmens,(004)-4054282,Waaksens
ST000826,Evelien van Embden,+31634 909955,Zuidlaarderveen
ST000827,Duuk Doesburg,091 7724547,Harlingen
ST000828,Elisabeth Verschut,+3150 4648879,Wellerlooi
ST000829,Berend van Loon,+31403-697521,Beemte Broekland
ST000830,Sem Sitters,096 6971921,IJsselham
ST000831,Fabian Verhoeven,+31(0)36-7534679,Kamperland
ST000832,  Stijn van der Maath  ,0389 530707,Stadskanaal
ST000833,Mohammed Lamotte,+31(0)14-3981760,Terwispel
ST000834,Ninthe Doornhem,0646 764203,Hoek
ST000835,Livia Hagendoorn,+31416 999698,Zuidhorn
ST000836,Emily Bouthoorn,+31(0)404-977046,Andel
ST000837,Lana Pasman,0740-916537,Snelrewaard
ST000838,Jesse Wagenvoort,+31(0)195-758292,Bovenkarspel
ST000839,Nynke van den Henst,022-1661140,Klimmen
ST000840,Kyano Luboch,,Berkenwoude
ST000841,Robin Ellis,079-4129780,Langelo
ST000842,Nina Neuzerling,+31634-620550,Hoogeloon
ST000843,Mohammed Briere,+3126 4974305,Heukelom
ST000844,Floris Ruijs,+3154 8451734,Langeveen
ST000845,Ella van Oudewater,+3167-6512042,Moddergat
ST000846,Kyan Schagen,+31(0)750 647720,Oudebildtzijl
ST000847,Lize van Waas,+31(0)456-335624,Oisterwijk
ST000848,Jules Pasman,+3104-0566258,Leeuwarden
ST000849,Fay Boetet,0092-082907,Nieuwland
ST000850,Niek Janssen,(0884) 322524,Staphorst
ST000851,Leon Erhout,(007) 7882872,Overberg
ST000852,Ian van Parijs,(043)-4029552,Hooge Zwaluwe
ST000853,Joep van der Leek,+31033 893508,Zoetermeer
ST000854,Liam Wunderink,(000) 1221355,Vilsteren
ST000855,Bastiaan Strijker,(0521) 509021,Doldersum
ST000856,Samuel Ghoerle,+31976 752457,Geesteren
ST000857,dANI cORSTIAENS,+3126-3197914,Makkinga
ST000858,Lars van Es,(071)-3356019,Schimmert
ST000859,Thijs Woudenberg,007-5782834,Midwolda
ST000860,Bjorn Loep,059-6710443,Zuurdijk
ST000861,Britt van Beek,+31(0)78 3880837,Enkhuizen
ST000862,Mirte van Brenen,+31747 965213,Kattendijke
ST000863,Eliza Oennen,0673 576803,Deelen
ST000864,Mads van Berkel,(094)-6969837,Nieuw-Amsterdam
ST000865,Isis van der Veen,010-0112266,de Hoef
ST000866,Maurits van Boven,,Nieuw-Schoonebeek
ST000867,Evi Korstman,045-0515369,Briltil
ST000868,Chloë Verheij,0126-809754,Lemele
ST000869,Elisa Molenaar,072-9850267,Eext
ST000870,Jari Huijzing,+3199 0447746,Strijen
ST000871,Justin Sanders,0753-087070,Spijk
ST000872,Lieke van Geenen,0948 221055,Lucaswolde
ST000873,Marit van Hulten,(029) 0853659,Weerselo
ST000874,Silke de Mol,(0717) 780835,Snakkerburen
ST000875,Aya van Beeck Beeckmans,,Hoogersmilde
ST000876,  Chloé van Boulogne  ,+31(0)037 939267,Oudenhoorn
ST000877,Angelina Cadefau,+31(0)835-824515,Pieterzijl
ST000878,Fiene van der Veiver,+31(0)81-6014767,Zuna
ST000879,Milou Blokland,+3198-0500476,Oosterleek
ST000880,Max van Laon,069 6850791,Maasbracht
ST000881,Kay Claesner,+31(0)78-6280518,Zijderveld
ST000882,Merel Huijben,+31(0)024-171429,Wilsum
ST000883,Rens van Haspengouw,+31(0)38 5505986,Itens
ST000884,Renske Frankhuizen,+31374 497141,Nijetrijne
ST000885,Lise Huberts,+31(0)516-447177,St. Willebrord
ST000886,Yasmin d' Heripon,(079) 8702971,Tilburg
ST000887,  Maryam Verbeeck  ,+31(0)161-367313,Haps
ST000888,Jolie Mathieu,0264-027913,Santpoort-Zuid
ST000889,Jay Thout,+31519 037589,Koudum
ST000890,Maaike Martel,+31077-363987,Kwadijk
ST000891,Samuel Oosterhek,+31731 127576,Geerdijk
ST000892,Vera Brandon,+31(0)800-968281,Castelre
ST000893,Rens Stamrood,+3125-1682129,Nijlande
ST000894,Mirthe Mater,+31(0)54-4018101,Terwolde
ST000895,Sara Lamore,+31(0)677-273708,Bakhuizen
ST000896,Liz Mol,+31(0)82-7285353,Pieterburen
ST000897,Megan Hazenveld,+31281-624098,Broeksterwâld
ST000898,youssef van de coterlet,+31(0)94 8519573,Agelo
ST000899,Arthur Zwart,+31342-935286,Weesp
ST000900,Lotte Claesner,+31(0)73-1135475,Húns
ST000901,Jayson Ligtvoet,+31(0)14-1819365,Oldebroek
ST000902,Fabiënne de Keijzer,+31(0)39-9522555,Harkema
ST000903,Ise Goderts,+3177 6822465,Aalten
ST000904,Sanne Mulder,+31(0)37-6766242,Macharen
ST000905,Sophie Adelaar,+31(0)060 514969,Meteren
ST000906,Dina Bouthoorn,+3100 1423832,Nieuwe Pekela
ST000907,Anna van Boulogne,(095) 2992184,Meerstad
ST000908,Valerie Fremie,+31(0)69 8358265,Rijsenhout
ST000909,Jens Stoffelsz,+3134 2788981,Gendt
ST000910,Lise van Schweinfurt,(0858) 733333,Sint Anthonis
ST000911,Stijn van Beaumont,0297 323928,Haule
ST000912,ninthe verhagen,+31(0)870-087144,Opmeer
ST000913,Aaron Oda,+31(0)65 3411514,Hilvarenbeek
ST000914,Mick van der Kint,(0401) 105577,Schinveld
ST000915,Suze Rijcken,0671 079831,Venhuizen
ST000916,Linde Hak,(0333)-465170,Doorn
ST000917,Senna Boetet,008 0330235,Leersum
ST000918,Jari van Velthoven,+31(0)907 545566,Wezuperbrug
ST000919,Julian Eijkelboom,+31(0)749 306913,Eagum
ST000920,Lily van Allemanië,094 1493835,Elsloo
ST000921,Mara van de Ven,+31(0)81 7618795,Schin op Geul
ST000922,Lizzy Maaswinkel,0754-813127,Oosterzee
ST000923,Amy Tammerijn,+31595 463946,Zwijndrecht
ST000924,  Tyler de Plantard  ,(000)-9983999,Steendam
ST000925,Rick de Hoogh,+3193-2186454,Kortehemmen
ST000926,sienna mudden,+31585 378376,Benschop
ST000927,Mika van Luinenburg,+31(0)920-224334,Megen
ST000928,Keano Bos,054 9425397,Oosteind
ST000929,Boris Verbruggen,(0504) 868441,Niekerk
ST000930,Chris Doyle,+3150-4247989,Neeritter
ST000931,Collin Jonker,+31(0)629-436422,Ederveen
ST000932,Isa Luboch,+31(0)47 3745076,Goudswaard
ST000933,Kyan Gellemeyer,+31(0)068 719687,Schoonhoven
ST000934,Eva Schagen,+31758-339567,Rha
ST000935,Noah Prins,0623-667626,Echteld
ST000936,Yusuf Boer,019 8840169,Geijsteren
ST000937,Evy Zeemans,+31915 391542,Haalderen
ST000938,Luna Alpaidis,(0168)-386398,Eibergen
ST000939,Linn de Gratie,0284 277624,Aalsum
ST000940,Pippa van Baalen,+3121-9119272,Zurich
ST000941,Roos Verheuvel,(0874) 739581,Herten
ST000942,Catharina Gnodde,+31(0)24 4435007,Den Dungen
ST000943,Mats de Groot,+31907 826432,Baaiduinen
ST000944,Anouk Peronne,+3184 1435012,Duizel
ST000945,Janna Klerks,(0929) 851022,Hoogenweg
ST000946,  Amber Korsman  ,(017)-1815906,Meerlo
ST000947,Merle van der Smeede,+3130 5028151,Harkstede
ST000948,Maud Huijbrechts,(0377) 385961,Toldijk
ST000949,Aron Buijs,+3184-9418577,Delft
ST000950,Laurens van Suinvorde,(018)-6013215,Drimmelen
ST000951,Aiden Perck,(013)-3974664,Slijkenburg
ST000952,Alicia Houdijk,+31709 523820,Wieringerwerf
ST000953,Mehmet van Bruchem,+31(0)457 180106,Kloosterzande
ST000954,Bart Bos,+31(0)680-860252,Wijk en Aalburg
ST000955,Lindsey Lonen,(0330) 113689,Huisseling
ST000956,Joëlle van Maaren,+31069-185464,Rasquert
ST000957,Megan Schenkel,+31(0)487-634182,De Heurne
ST000958,Dirk van Luyssel,0000-989461,Opeinde
ST000959,Aaron Koeman,0851-579107,Zuid-Beijerland
ST000960,Lot Peeters,+31(0)824-747216,Garrelsweer
ST000961,Kevin van Susa,022-2050063,Valthe
ST000962,Stan van Gorp,+3166 2819142,Lepelstraat
ST000963,Jort Pieters,(021) 6462258,Scharmer
ST000964,Bente van Zwaben,0907-775198,Nieuw Heeten
ST000965,Lola Lommert,059-8921263,Oosterwolde
ST000966,Nadine Hermans,(080) 9897444,Lutjebroek
ST000967,Louise Kalman,0003 976644,Keijenborg
ST000968,Riley de Lange,+3185-0512376,Kampen
ST000969,Tom Hollander,+31(0)996-503061,Vreeland
ST000970,Michelle van Laon,+31(0)71 8339968,Hulst
ST000971,Jayda Groenestein,+31674 940933,Neede
ST000972,Aaron Room,+3138-7906904,Heinenoord
ST000973,Maartje Blewanus,+31615-647949,Duivendrecht
ST000974,Cato Bos,+3173-8821757,Haarlemmerliede
ST000975,Koen Ooms,(048) 4982441,Hieslum
ST000976,Wesley Spaan,+31(0)226 063306,Wieringerwerf
ST000977,Niek de Roos,0239-398643,Uitwijk
ST000978,Mathijs Ghoerle,+31994-968218,Darp
ST000979,Tessa Coret-Coredo,0449 929923,Numansdorp
ST000980,Annabel Mosley,(0625)-501730,Niekerk
ST000981,Anouk Verschuere,,Chaam
ST000982,Noëlle van Boulogne,0258-784953,'t Zand
ST000983,Jolie Aertsz,(0949) 792002,Ochten
ST000984,Maartje Meeres,+31(0)70 3517240,Eemdijk
ST000985,Lauren Butselaar,+31(0)673 010428,Oss
ST000986,MEHMET VAN EMMELEN,+31(0)38 1990628,Hengstdijk
ST000987,Aylin Soos,+3154-2984557,Benschop
ST000988,Teun Brugman,+31(0)189 714164,Reuver
ST000989,Maria Zwart,(0207)-516499,Vogelwaarde
ST000990,Berat van den Nyeuwenhuysen,+31236-111412,Blauwhuis
ST000991,Sam van Wickerode,+31(0)39-7248067,Wittem
ST000992,Evy Stichter,018-3210486,Bierum
ST000993,Jill Lether,+31(0)25-0866559,Maastricht-Airport
ST000994,Liv der Kijnder,0551 908526,Doetinchem
ST000995,Timo Wunderink,(0382)-649802,'s-Heerenhoek
ST000996,Loes Hendrikse,+31420-278685,Gellicum
ST000997,Melle Smits,(032) 9131350,Zuilichem
ST000998,Milo le Luc,+31(0)72 8667601,Amersfoort
ST000999,Simon van Ginkel,+31942-029600,Hobrede
ST001000,Anne Vaessen,(051) 3140174,Middelharnis
ST001001,Silke Kuipers,(0491)-897749,Stad aan 't Haringvliet
ST001002,joost van de pavert,+31(0)985 363586,Giessen
ST001003,Jenna Huisman,0972-085394,Boornbergum
ST001004,Mason Stoffel,(0266) 120145,Venlo
ST001005,Lindsey van Tuijl,(032) 0145507,Riel
ST001006,Lindsey Bökenkamp,+31(0)63 8627899,Wier
ST001007,Feline van Leeuwen,(047) 3992330,Hem
ST001008,Eliza Beekman,(091)-4136526,Wilsum
ST001009,Maurits Lommert,015-3419434,Amstelhoek
ST001010,Tijs van der Kaay,+31(0)646-031254,Maasvlakte Rotterdam
ST001011,  Tygo Bernaards  ,0277 061040,Swolgen
ST001012,Elif Hoes,(0982) 315016,Kapelle
ST001013,Elif Pons,(014)-4277985,Kaag
ST001014,Marinus Broeshart,(0562) 382484,Rheden
ST001015,Joey Weerdenburg,+31(0)062 095013,Haskerdijken
ST001016,Sven Hakker,(094) 6383341,Middenbeemster
ST001017,Michael Terry,+31(0)57 8365767,Heeze
ST001018,Teun Neuzerling,+31(0)285 525189,Lopik
ST001019,Senna Pasman,(0813)-126466,Tubbergen
ST001020,Tom Velderman,+31(0)23 3492529,Gaanderen
ST001021,Fabiënne Doyle,(080)-9336170,St.-Jacobiparochie
ST001022,Kiki van Drenthe,+31261 831591,Venebrugge
ST001023,Ise de Jode Vastraedsd,+31(0)716-886854,Nunspeet
ST001024,Tess van Wel,067 2068402,Voerendaal
ST001025,Norah van Brunswijk,(038) 3065639,Hommerts
ST001026,Chloé Mangel,+31398-479942,Ooltgensplaat
ST001027,Amélie Duivenvoorden,(0224) 972520,Ellemeet
ST001028,Giel Reijers,+31888 126324,Wijchen
ST001029,Julia Boogaerts,+31(0)994 521478,Zwiggelte
ST001030,Marinus Walsteijn,(0277) 308657,Geervliet
ST001031,Stijn Meijer,(027) 4317114,Leerdam
ST001032,Jennifer Kremer,+3169 1782995,Heerle
ST001033,Vera van Loon,+31(0)965 491441,Grevenbicht
ST001034,Johanna Bruggeman,+3171-5390417,Balloërveld
ST001035,Jim Winnrich,+31400 456564,Muiden
ST001036,Rayan Lamore,(0942)-624708,Kamperveen
ST001037,Luna van Engeland,+3154 7386937,Waal
ST001038,Fenne Broek,(0631)-261887,Vleuten
ST001039,Rik Jacobs,+31(0)775-263311,Stampersgat
ST001040,  Merle Kirpenstein  ,(0249)-729940,Winterswijk Kotten
ST001041,Roan van Laon,(0366)-558751,Neerloon
ST001042,Roan Marchal,(039)-2680717,Groesbeek
ST001043,Hamza van Northeim,(048)-0366940,Hezingen
ST001044,  Lenn Vermeulen  ,0730-805968,Stavoren
ST001045,Eliza de Jager,(0769) 897509,Tonden
ST001046,Ella van Gemert,+31(0)954 879478,Thorn
ST001047,Koen van Ginneke,+3153 9299182,Zijderveld
ST001048,Raf van Vlaanderen,(0192)-052449,Spaarndam gem. Haarlem
ST001049,Kai Massa,050 1176524,Weiteveen
ST001050,Evi Martens,+31467-067432,Blokker
ST001051,Lieve Verheij,+3140 9328360,Barger-Compascuum
ST001052,Karlijn Lagerweij,+31763 844068,Lambertschaag
ST001053,Zakaria Bernaards,+31(0)93-7663718,Niekerk
ST001054,Gijs van Grinsven,(0970)-555120,Sibculo
ST001055,Johannes Coret-Coredo,(008)-6755891,Slenaken
ST001056,Sarah de Smit,0002-860963,Stroe
ST001057,Mare van Laar,0870-325160,Landsmeer
ST001058,Mare Everts,+31531 135784,Hilaard
ST001059,Isabella Suijker,+31(0)659-438053,Hoogeveen
ST001060,Lizzy Soos,(018) 1542735,Renswoude
ST001061,Joy Boetet,+31162-237698,Zuidermeer
ST001062,Tobias Verkade,(013)-0489864,Poppenwier
ST001063,Sten van der Ploeg,(086) 4323355,De Bult
ST001064,Kyan Gepa van Bourgondië,+3134 3946597,Oldenzijl
ST001065,Mats Wolffel,062-5940457,Hernen
ST001066,Hailey Sas,(0852) 504860,'t Zandt
ST001067,Adam Boer,+31(0)71 2362039,Wanroij
ST001068,Selina Nek,+31(0)969 725102,Den Horn
ST001069,Job Schellekens,023-9645504,Mierlo
ST001070,David Schuurmans,+31297-825535,Folsgare
ST001071,Julius van Hamaland,,Kattendijke
ST001072,Tijn de Swart,035 3763654,Woudrichem
ST001073,Niels Hulst,+31(0)527-586681,Niehove
ST001074,Luca Ansems,+31765-942512,Rasquert
ST001075,Johannes Kunen,(0595) 607681,Nijehaske
ST001076,Vince van Rijthoven,090-9705046,Waspik
ST001077,Finn van Boulogne,+3151 1200650,Rhenen
ST001078,Lot Dennenberg,(057) 5276479,Biervliet
ST001079,Julia Brandon,016 6438184,Zuidschermer
ST001080,Sam Diesbergen,+3137 2681959,Koudekerke
ST001081,Kyano Reimes,+31651 932836,Noorbeek
ST001082,Bilal van den Hoek,0690 565849,Noordwijk
ST001083,Esther Roose,+31(0)51-7270764,Den Horn
ST001084,Amber Huijben,031 3094180,Bleiswijk
ST001085,Sanne Suijker,(024)-8269785,Sibrandabuorren
ST001086,Sterre Keijser,+31(0)15 8962920,Nederasselt
ST001087,Jonathan Schenkel,(0195)-063362,Koudekerke
ST001088,Maja de Groot,+31010-541657,Breukelen
ST001089,Helena Höning,+31(0)07-4073394,Onna
ST001090,Suus Blom,+3131 4777283,Rekken
ST001091,Riley Govarts,+3155 5638962,Escharen
ST001092,Jelte van de Noordmark,(013) 3972998,Sommelsdijk
ST001093,Dylano Le Grand,0105-665093,Montfoort
ST001094,Giel Bruijne van der Veen,041 0506075,De Meern
ST001095,Riley Vignon,013 6302885,Borgercompagnie
ST001096,Bilal van de Veen,(046)-8011214,Luddeweer
ST001097,Jade Molen,+31(0)91 2941722,Hoge Hexel
ST001098,Sanne van Leeuwen,+31(0)002-098061,Moerstraten
ST001099,Karlijn Risma,093 4938677,Epe
ST001100,  Wessel Thomas  ,+3174-4855314,Heemskerk
ST001101,Fenne Hermans,083-5697283,Roggel
ST001102,Yusuf Hoelen,+31(0)52-9632050,Genemuiden
ST001103,Lex Dennenberg,0944-804767,Elim
ST001104,Kian Robbrechts Bruijne,+3133 0917609,Noordwelle
ST001105,Brent Verbeeck,+3156-6477194,Blankenham
ST001106,Noud Oosterhout,(016) 4719725,Nieuwe-Tonge
ST001107,Lieve Sarneel,+3106-2960375,Anna Paulowna
ST001108,Zakaria Smits,(057) 0430722,Persingen
ST001109,Tobias Dekker,+31(0)885-904045,Balloërveld
ST001110,Leah Stinis,+3139-0665102,Zeegse
ST001111,Kayleigh van Voorhout,026 8192772,Loppersum
ST001112,Robin de Roos,013 1476890,Beek
ST001113,Lena Boers,+3148 2881156,Wekerom
ST001114,Valentijn Overdijk,006 0076047,Nieuwer Ter Aa
ST001115,Ian Galenzone,+31(0)96 5018398,Katwoude
ST001116,Lena Claassen,+3165 3866618,Almere
ST001117,Julius de Bont,(051) 1093736,Hulsberg
ST001118,Jort Godfrey van Alemannië,(0516) 479795,Leuth
ST001119,Amir Knuf,(0287)-368920,Nijensleek
ST001120,Mirthe van Parijs,0910 345888,Vlist
ST001121,Rowan den Buytelaar,+3175-8406077,Steggerda
ST001122,Casper Sterkman,+3107 5355590,Kalenberg
ST001123,Lara Lommert,+31(0)664-132416,Rien
ST001124,Luca van der Heiden,+31(0)233-971029,Baarland
ST001125,Dirk van der Wal,+31(0)384 556747,Wolvega
ST001126,Teun Hoogers,076-4189313,Gassel
ST001127,Bradley Kuipers,+3125-5382604,Haastrecht
ST001128,  Maartje Reimes  ,+31729-821533,Roelofarendsveen
ST001129,Jonas Zevenboom,0473 079107,De Veenhoop
ST001130,Amélie Meeres,+3120-1545605,Halle
ST001131,Oscar Spaan,090 0981639,Lobith
ST001132,Jip Rouwhorst,+3121 8806308,Halle
ST001133,Amy van Kasteelen,(065)-7164665,Broek in Waterland
ST001134,Ashley Dachgeldt,(081)-4381951,Iens
ST001135,Nick van Maasgouw,050 9382911,Kesteren
ST001136,Indy van Nus,+31(0)47-4400391,Vroomshoop
ST001137,Iris de Plantard,(075)-1648972,Tjalhuizum
ST001138,Pieter Boddaugh,+31(0)97 7170930,Winssen
ST001139,Lize de Mol,+3100 0556088,Abbenes
ST001140,Bas Thatcher,+31(0)671 049482,Scheerwolde
ST001141,Norah Joosten,(033)-9138408,Liempde
ST001142,Sara Kalman,(0339)-182484,Giessenburg
ST001143,Floris Roose,+31(0)11-8817500,Mheer
ST001144,Luca Zeemans,,Waarland
ST001145,Collin Mulder,0075-050389,Stoutenburg Noord
ST001146,Casper Hazenveld,(005) 0683057,Brielle
ST001147,Maurits Holthuis,+31(0)619-957170,Soerendonk
ST001148,Janna Govarts,+31(0)870 468660,St.-Jacobiparochie
ST001149,Sander Rouwhorst,+3134 5866555,Beltrum
ST001150,Sofie Pauwels,+31369 668432,Geleen
ST001151,Livia Nedermeijer,0763 322246,Nederhorst den Berg
ST001152,Quinn Hendricks,+31(0)285-228311,Hattemerbroek
ST001153,Joshua Feenstra,(049) 5907994,Heibloem
ST001154,Josephine Persijn,0577-099103,Leuth
ST001155,Ayoub van der Sande,+31829 558211,Tollebeek
ST001156,Ali Nieuwstraten,0722-348181,Kootwijkerbroek
ST001157,Sam van de Wal,+31184-938964,Megen
ST001158,Isabel Gerrits,(0555)-893623,Spaarndam gem. Haarlem
ST001159,Kim Puig,(058)-4011340,'s-Hertogenbosch
ST001160,Cornelia van Kusen,+31033-293264,Vinkenbuurt
ST001161,Rosalie Dircken,0480-556733,Oosterend
ST001162,Sanne van Kuijc,017 7050498,Hoevelaken
ST001163,Milan Bruijne van der Veen,+31(0)893 549369,Nij Altoenae
ST001164,Bastiaan de Bont,(014)-9237234,Ohé en Laak
ST001165,Mehmet van Schweinfurt,,Lochem
ST001166,Dave van Velzen,+31662-351063,Steggerda
ST001167,Sil Wigman,+31(0)214 199232,Voorburg
ST001168,Muhammed de Roos,(0374)-761235,Overschild
ST001169,Jayden de Jode Vastraedsd,0643-232270,Nijemirdum
ST001170,Adam Otte,,Haren Gn
ST001171,Stefan Heerkens,0095 917970,Gorinchem
ST001172,Olaf Aarts,(0276)-987260,Wapserveen
ST001173,Rayan Molen,0638 340867,Hoevelaken
ST001174,Faye Hoppenbrouwer,+3147-4872249,Zuna
ST001175,Julius Stoffelsz,0912 325430,Bleskensgraaf ca
ST001176,Marijn Glasses,(057)-5817451,Kronenberg
ST001177,Philip Passchiers,(0022)-856305,Kamerik
ST001178,Noa der Kijnder,+31(0)897 009634,Zurich
ST001179,Catharina van Bernicia,+31(0)250 714424,Banholt
ST001180,Aron Schagen,0861-934653,Witteveen
ST001181,Willem de Gratie,(068)-3677305,Emst
ST001182,Aiden de Wit,+31(0)812 697711,Heeze
ST001183,Pippa Lambregt,(013) 4325744,Baarland
ST001184,Aaron Rijn,+31(0)275-675707,Vogelwaarde
ST001185,Cornelia van Kasteelen,+31(0)474-164723,Huis ter Heide
ST001186,Joris Evers,+31(0)412 777540,Bitgummole
ST001187,Dirk van Brunswijk,(0717) 028790,Waalwijk
ST001188,Tijs van Noort,(0944)-613456,Zuiderwoude
ST001189,Fleur van der Stael de Jonge,0721 973184,Laag-Keppel
ST001190,Dirk Nihoe,+31886-145031,Friens
ST001191,  Jayson van Kasteelen  ,+3101 6482650,Wergea
ST001192,Nina van Beaumont,+31(0)61-4582382,Oldekerk
ST001193,Senna Michielsen,+31477 798647,Heythuysen
ST001194,Vajèn Postma,+3122 7789587,Oudewater
ST001195,Lot Brizee,(035)-3493569,Wijk aan Zee
ST001196,Linde van Straaten,(014)-9597251,Chaam
ST001197,Johanna Mol,032-8614460,Krimpen aan den IJssel
ST001198,Sara van der Linden,0331-313866,Oosterwijtwerd
ST001199,Muhammed Bronder,+3111 9356626,Valthermond
ST001200,Anna Osterhoudt,0881-924973,Akmarijp
ST001201,Jamie Kuit,+31(0)271 964273,Jouswier
ST001202,Mehmet Volcke,+31(0)39-0901954,Horn
ST001203,Sophia Broek,0354-991293,Kudelstaart
ST001204,BO WOLTERS,074 7425131,Olterterp
ST001205,Stella Adryaens,,Maastricht
ST001206,Tom van den Brink,0669 945839,Oldemarkt
ST001207,Julian van Ginkel,(044) 4742089,Blauwhuis
ST001208,Lieke Sire,+31(0)37-2376254,Blokzijl
ST001209,Yassin van Hulten,+31126-194700,IJsselham
ST001210,Fenne van Clootwijck,(076)-7571944,Spijk Gn
ST001211,Sam van Tours,054-9920207,Snelrewaard
ST001212,Emily Speijer,030-8429398,Slagharen
ST001213,Yinthe Lansink,(0191) 495422,Briltil
ST001214,Mart Pasman,0993 522927,Gees
ST001215,Floris Cornelissen,0557 631961,Startenhuizen
ST001216,Nienke van Rijnsbergen,+31(0)68 3480224,Kraggenburg
ST001217,Ecrin de Vroege,+31939-792091,Blije
ST001218,Elin van den Corput,(0260) 533740,Lutjegast
ST001219,Suze Sanders,(0526) 890789,Zelhem
ST001220,Suus Prins,+31867-120973,Nibbixwoud
ST001221,Frederique van Mispelen,(0006) 350749,Odoorn
ST001222,Olivia Kisman,041 8864455,Helvoirt
ST001223,Sofie Strik,+31(0)12-6495412,Nisse
ST001224,Jorn Haselaar,+3151-0568825,Giethoorn
ST001225,Janne van Bentheim,+31(0)703-130846,Susteren
ST001226,Laura van Haspengouw,057 2592414,Dalmsholte
ST001227,Ilse Broekhoven,044-5474968,Heesch
ST001228,Riley Joosten,097 4644899,Klundert
ST001229,Maaike van Hamaland,067 5423261,Bilthoven
ST001230,Inaya Veenstra,+31670-119104,Voorst
ST001231,Robin Brugman,+31(0)65 1288822,Saaxumhuizen
ST001232,Michael van Dam,006 7807899,Eesergroen
ST001233,  Ivy van Leeuwen  ,(021)-5944155,Sprang-Capelle
ST001234,Angelina van den Assem,(0688)-130350,Nieuw-Beijerland
ST001235,Helena Ariens Ansems,+3177 7069880,Hilvarenbeek
ST001236,Finn Spanhaak,024 8863789,Monster
ST001237,Naomi Verschuere,031-9333591,Ane
ST001238,Aya Scholten,(021)-8169071,Boxtel
ST001239,Selina Koeman,+3179-0110470,Milheeze
ST001240,Esther Ligtvoet,+31082-435040,IJlst
ST001241,Amin Aeije,+31(0)045 902403,Workum
ST001242,Senna Houdijk,+31(0)391-039444,Wanneperveen
ST001243,Danique van Ooste,0132 006797,Kattendijke
ST001244,Mara de Bruijn,+3157 4602576,Ovezande
ST001245,Kim Paillet,0945-042452,Warstiens
ST001246,Dana Butselaar,+31767-199845,Rijswijk
ST001247,Dave van den Hoek,0091 690242,Biddinghuizen
ST001248,Ian Hellevoort,(026)-0320104,Elst
ST001249,Oscar Loep,+31819-797591,Westerwijtwerd
ST001250,Jip Oosterhek,+3158-1185939,Evertsoord
ST001251,Fabian 's Gravensande,+31(0)27-3499340,Burgwerd
ST001252,Jasper Tammerijn,+31705 080400,Ooltgensplaat
ST001253,Pleun Lommert,+31(0)79-2780276,Gelderswoude
ST001254,Phileine Geneart,(014)-2394884,Valthermond
ST001255,Merle Mulder,077-7082552,Erlecom
ST001256,Frederique Brievingh,(0761) 955017,Eexterzandvoort
ST001257,Liza Slingerland,001-7370923,Mill
ST001258,Dave Niermann,(0596)-716614,Oss
ST001259,Ruben Steenbakkers,083-8149287,Nijlande
ST001260,Pleun Riem,+31429-360549,Beers NB
ST001261,Vajèn Vertoor,+3166 6718545,Goirle
ST001262,Elin Klein,+31(0)82 5061558,Nieuw-Vennep
ST001263,Ayden Ulrich,+31178 098571,Nieuwer Ter Aa
ST001264,Evy Hagendoorn,+31(0)69-9037809,IJsselmuiden
ST001265,Azra van Haspengouw Hesbaye,(0539)-246710,Lierderholthuis
ST001266,Daan van der Spaendonc,(0915)-882467,Oosteind
ST001267,Ali van Rijnsbergen,+31(0)20 9497863,Nieuw-Beijerland
ST001268,Hidde Woudenberg,(0365) 786551,De Westereen
ST001269,Inaya Noordijk,+3191 0445714,Sirjansland
ST001270,Sil Ellis,+3125 8917002,Geffen
ST001271,Yassin Heymans,075-4868321,Ulicoten
ST001272,Rafael de Keijzer,068-9791000,Maasbommel
ST001273,Ninthe Steenbakkers,+31511 671725,Koekange
ST001274,Megan Wever,+31595-694121,Westbeemster
ST001275,Oscar Butselaar,(074)-1382652,Zeijerveld
ST001276,Elias Breugelensis,0587-074072,Assendelft
ST001277,Aaliyah Scholten,+3154 5753266,Nieuwe-Tonge
ST001278,Noah van Kuijc,(049)-2524596,Meerstad
ST001279,Stan Nollee,013 1813426,De Schiphorst
ST001280,Luc Shupe,+31(0)714-281406,Kalenberg
ST001281,Elena Gervais,026 9709916,Callantsoog
ST001282,Yasmine Verwoert,0773-570471,Dalem
ST001283,Mathijs le Matelot,001 8086939,Heinenoord
ST001284,Dave Duivenvoorden,(0960) 647524,Wormer
ST001285,Anna Mater,(0508) 944729,Hindeloopen
ST001286,Kyano Waardeloo,+31(0)782 596715,De Pol
ST001287,Sam Verbeeck,+31(0)062 349564,Bronkhorst
ST001288,Nathan Neuzerling,+31(0)864 497782,Burum
ST001289,Sepp van de Velden,041-2802890,Pannerden
ST001290,Dani Salet,+31(0)10-8842710,'t Goy
ST001291,Tygo Arnold,(048)-9484786,Markenbinnen
ST001292,Jayden Berends,(0611)-558141,Noordbroek
ST001293,Joep van den Nuwenhuijzen,+31(0)285-030373,Veghel
ST001294,Philip Zijlemans,+31(0)78 3068929,Drunen
ST001295,Arie Scholten,+31134 284192,Zeeland
ST001296,Kick Honing,+3123 3684942,Pietersbierum
ST001297,Joël Die Bont,0941 320641,Wanneperveen
ST001298,Dana Overdijk,+31(0)05-9564796,De Cocksdorp
ST001299,Janne de Groot,075-2439025,Zennewijnen
ST001300,Aimée Vallenduuk,+31(0)570-027148,Breskens
ST001301,Finn Cant,(0007) 633078,Meliskerke
ST001302,Raf Shupe,019 6358455,Wilhelminaoord
ST001303,Mette Fremie,+3188-1553731,Norg
ST001304,Ruben Dekker,002 4537908,Annen
ST001305,Meike Voortman,+3142 5660081,Dreischor
ST001306,Sterre van der Veiver,+31(0)98-3066212,Zuidermeer
ST001307,Senna de Marduras,(091) 0813950,Zweins
ST001308,Elise Kamper,(031)-6795639,Burgerbrug
ST001309,Kyan Thomas,0168 821826,Epen
ST001310,Norah Vervoort,+31757 171223,Apeldoorn
ST001311,Fleur Sterkman,(0942)-294041,De Zilk
ST001312,Daphne Bartels,+3112 4980391,Castenray
ST001313,Aya Maas,+31(0)50-4918467,Bentelo
ST001314,Chris Ketel,+31(0)12-3081692,Nuland
ST001315,Joep Rubben,,Tjalhuizum
ST001316,Pippa Blokland,040 5493528,Mantgum
ST001317,Sten van Metz,005 0521728,Rotterdam-Albrandswaard
ST001318,Marinus Zuidweg,+3135 7432797,Oisterwijk
ST001319,Aiden van Arkel,(017)-4880683,Anevelde
ST001320,Amira Lutterveld,(0312) 922185,Doeveren
ST001321,Ravi Lage,0458-082411,Venhorst
ST001322,Faas van Jumiège,+3197-7313885,Deest
ST001323,Frederique van der Veen,+31(0)49-2821009,'s-Gravenzande
ST001324,Luke Bekbergen,+31(0)182 247730,Doniaga
ST001325,Julius Marceron,099 0025899,Emst
ST001326,Olaf Lether,0922 064112,Lucaswolde
ST001327,Esmee de Roo,(0766)-863159,Broekhuizenvorst
ST001328,Bram Uit de Willigen,(067) 2309177,Schinveld
ST001329,Liv van Breukeleveen,+31373 470417,Oranje
ST001330,Bilal Mangel,(0343) 771006,Zweeloo
ST001331,Mehmet Lucas,+31(0)986-982892,Santpoort-Zuid
ST001332,Selena Spruit,0616-109267,Voerendaal
ST001333,Vajèn van Geffen,(0787) 105687,Anevelde
ST001334,Romy Lieshout,(080) 1042627,Papekop
ST001335,Ize Jorrisen,0282 589633,Purmer
ST001336,Jesper van Breukeleveen,0000 983471,'s-Heerenhoek
ST001337,Fien Postma,+31967 975420,Linne
ST001338,Fabiënne Haneberg,097-8749449,Hulsel
ST001339,Mohammed van Haspengouw Hesbaye,+31738-866643,Nijverdal
ST001340,Morris Uphaus,+31(0)43-7598839,Oudelande
ST001341,Rosalie van 't Wel,+31(0)386-138487,Sinderen
ST001342,Koen Terry,0670 454678,Biest-Houtakker
ST001343,Niek Ridder,+31(0)96 4662205,Kapelle
ST001344,Sofie Scharroo,0841 823112,Borssele
ST001345,Lisa Aeije,,Westzaan
ST001346,Arthur van Orleans,+31591 380980,Dronten
ST001347,Elin Kuipers,032-8990242,Beers NB
ST001348,Loes Aertsz,073 7692826,Zandvoort
ST001349,Yasmin Govarts,+3135 5725495,Oudebildtzijl
ST001350,Johannes Rousselet,+3112-2930360,Winterswijk Corle
ST001351,Bradley van Embden,+3143 6951908,Tzum
ST001352,Ibrahim Brandt,+31(0)352 309922,Tripscompagnie
ST001353,Britt van der Steen,+31(0)39-8580538,Berkhout
ST001354,Elena van der Leek,+3182-4222384,Rijssen
ST001355,Jason van der Linden,(0030)-763891,Staphorst
ST001356,Ecrin van Dongen,0673-157243,Stampersgat
ST001357,Aiden Dubois,(095)-7700359,Nieuwerkerk
ST001358,Nathan van Opper-Lotharingen,+31(0)387 783164,Makkinga
ST001359,Yusuf van Formbach,045-6905352,Vlieland
ST001360,Sophie Brouwer,+31(0)32-1995284,Oosteind
ST001361,Nienke Lage,0943-311664,Norg
ST001362,Cornelia de Haan,(033)-2504591,Oegstgeest
ST001363,  Naomi Kerkhof  ,,Veenoord
ST001364,Lucy Vallenduuk,+31(0)25-8289981,Rumpt
ST001365,Mats de Vos,(0236) 295964,Wapserveen
ST001366,Fiene Dirksen,(068)-5271523,Melderslo
ST001367,Dean Gerrits,+3189 0630724,Eethen
ST001368,Elias Tirie,+31(0)974 410496,Zurich
ST001369,Senn Oda,+31283-407520,Neede
ST001370,Lena Coret,+31(0)63-3497629,Bantega
ST001371,Senna Hendriks,,Akkrum
ST001372,Chloë van Riet,064 0085842,Blokzijl
ST001373,Ties van Dagsburg,+31596-591654,Gilze
ST001374,Imke Steenbeek,+31(0)39-4718090,Onnen
ST001375,Anne Mallien,002 7501248,Dwingeloo
ST001376,Samuel van Brenen,+31(0)54-5464464,Hilaard
ST001377,Emily Bouhuizen,(0385)-912500,Oudeschip
ST001378,Nynke Peeters,0897-210163,Oosterleek
ST001379,Felix Moet,056 0980518,Grafhorst
ST001380,Noah Sam,(085)-1674416,Ledeacker
ST001381,THOM DIE BONT,+31(0)61-4533177,Merselo
ST001382,Bastiaan Massa,0391-589483,Ell
ST001383,Madelief Kolster,+31(0)56 4403039,Terheijden
ST001384,Fiene The Elder,+31616-892428,Kaag
ST001385,Wout Mathol,+31(0)714-072732,Middelharnis
ST001386,Dave Meeusen,+31807 857803,Ten Post
ST001387,Merijn Recer,(061) 9220402,Westdorpe
ST001388,Adam Lagerweij,(087) 4677809,Bitgummole
ST001389,Nick Wilmont,(088) 1354040,Oldeholtwolde
ST001390,Amina Jurrijens,005-8825701,Wichmond
ST001391,Tijmen Wolfsdr,+31(0)019 737068,Zaandam
ST001392,Niek Hendriks,(0852)-750097,Balloo
ST001393,Sam Kuijpers,+3175-5150746,Driehuis NH
ST001394,Julian van den Velden,032-1065209,Posterholt
ST001395,Mirthe van Mil,(0010) 534984,Hoek
ST001396,Roos Verhoeven,048 1196853,Grave
ST001397,Brian Boer,+31(0)631 621413,Mariaparochie
ST001398,Tycho van der Hoeven,(0363)-081411,Epse
ST001399,Anne van Breukelveen,+31(0)00 5237933,Grolloo
ST001400,Bryan Shupe,(069) 6044939,Westendorp
ST001401,Bastiaan Cornelisz,0081 482850,Kolderwolde
ST001402,Aya Speijer,025-7900326,Ried
ST001403,Cornelis Verboom,062 4478934,Nieuwolda
ST001404,Jordy van Oirschot,085 7859359,Beek en Donk
ST001405,Melissa van de Coterlet,+3192 5710899,Made
ST001406,Selena van Wijland,0218-593059,Zeijen
ST001407,Joshua Hoelen,+31(0)61 6930523,Horssen
ST001408,Loek Veenendaal,+31(0)86-9503611,Punthorst
ST001409,Joshua van Landen,003 3291704,Boazum
ST001410,Mick Momberg,(001)-3159712,Ulrum
ST001411,Kyara Geldens,0800 412244,Escharen
ST001412,Lieke Schenkel,(083) 1824691,Gieterveen
ST001413,Lena Dekker,+3199-7791102,Woudbloem
ST001414,Kian van Boulogne,060-1780999,Loosdrecht
ST001415,Lindsey Overdijk,017-1241965,Jaarsveld
ST001416,Daphne van 't Riet,(080)-6216366,Heeswijk-Dinther
ST001417,Amelia Ferran,(008) 2888094,Hulshorst
ST001418,Nova Bave,(025) 1966777,Zoutkamp
ST001419,Lex van de Water,+31(0)40 1470107,Oranje
ST001420,dAVID bERENDS,+31(0)872 629801,Steenenkamer
ST001421,Angelina Meijer,(041) 2713136,'s-Heer Hendrikskinderen
ST001422,Nisa Le Grand,+31(0)06 7529539,Roosteren
ST001423,Marit van Bernicia,+31(0)06 2803548,Esbeek
ST001424,Hugo Hellevoort,0801 635094,Harderwijk
ST001425,Ibrahim Wutke,(0489)-792926,Almelo
ST001426,Yasmine de Groot,(096)-2720383,Maassluis
ST001427,Mare Kamp,+31(0)186 851150,Oostwold
ST001428,Loek de Wit,+31(0)923-836454,Zevenhuizen
ST001429,VALENTIJN MAAS,099 3470103,Baflo
ST001430,Liv Verwoert,+3181 9601614,Veenendaal
ST001431,Zeynep Aarts,(0398) 038445,Eenrum
ST001432,Karlijn van Nes,+31(0)676 752277,Hattem
ST001433,Evie Everts,+31(0)51-3194615,Triemen
ST001434,Vince Sterkman,0198 217705,Sleen
ST001435,Joshua Hellevoort,004-2349863,Ambt Delden
ST001436,Charlotte Bresé,+31129-579357,Hippolytushoef
ST001437,Mart Verheuvel,0425-616835,de Woude
ST001438,Eline van Bergen,0072-874573,Bergharen
ST001439,Fien van Formbach,+31(0)92-7945804,Dinteloord
ST001440,Nina van Wijland,(0572) 841571,Follega
ST001441,Norah van Brenen,0186 438917,Smalle Ee
ST001442,Noor Wildschut,031-0098604,Botlek Rotterdam
ST001443,Julie Köster,+31110-273624,Tegelen
ST001444,Jaylinn Zijlmans,+31387 380270,Onnen
ST001445,Xavi van Veen,(041)-8679631,Grathem
ST001446,David Passchiers,010 3157749,Daarlerveen
ST001447,Silke van Kasteelen,027 9774992,Geijsteren
ST001448,Joost Backer,+31(0)969 875837,De Veenhoop
ST001449,Luna van Northeim,0648 932244,Neeritter
ST001450,Daphne Elbertse,056-9571531,Leuvenheim
ST001451,ALEXANDER BEOURGEOIS,+3183 6139020,Bleiswijk
ST001452,Tobias van der Klijn,+31(0)171-540914,Velsen-Noord
ST001453,Melle Waardeloo,(043)-0537393,Nieuwe-Tonge
ST001454,Tijn Kuit,(017)-7104562,Moerdijk
ST001455,Emily Boeser,+31457 249922,Tzummarum
ST001456,Elif Melet,+31(0)03 8410134,Gaastmeer
ST001457,Esther Weeldenburg,(060) 7650440,Kloetinge
ST001458,Britt van Dokkum,055 6453189,Alteveer gem Hoogeveen
ST001459,Joshua van de Wiel,015 8597369,Hegelsom
ST001460,Sepp van der Stael,+31873-558167,Gaast
ST001461,Luca Spreeuw,+3179 5242648,Stieltjeskanaal
ST001462,Rick Kriens,+31035-739463,Stiens
ST001463,Aiden Schulten,(0467)-312340,Weerselo
ST001464,Zara Steenbeek,+3167 6428279,Kreileroord
ST001465,Vajèn van Ginneke,+31(0)46-1297463,Holwierde
ST001466,Kick Beekman,+31(0)915-034388,Sibculo
ST001467,Kyara Beijring,(069)-0388871,Loerbeek
ST001468,Janna Kalman,(0833)-814813,Broek
ST001469,dEWI VAN rIJNSBERGEN,+31361 264814,Hoogkarspel
ST001470,Benthe Peeters,+31311 609748,Eijsden
ST001471,Jason Fredriks,,Westzaan
ST001472,Seth van Limburg,+31408 067169,Wilnis
ST001473,Duuk Haring,+31(0)317-826794,Sexbierum
ST001474,Elize Smits,(0840)-295570,Rijkevoort-De Walsert
ST001475,Anouk Fechant,(013) 9634385,Vinkeveen
ST001476,Giovanni Brands,(014) 4700731,Starnmeer
ST001477,Lara van Dam,+3163-6915548,Noordbroek
ST001478,Lily Broekhoven,0170-183672,Zevenhuizen
ST001479,Yasmine Uphaus,+31637 377050,Varsseveld
ST001480,Amélie Overeem,+31(0)612 910435,Kockengen
ST001481,Sjoerd Post,0258 820974,Katlijk
ST001482,Hailey van den Oever,+31644 890316,Alphen aan den Rijn
ST001483,Fleur Draaisma,(0999) 877938,Easterein
ST001484,Jip Adriaansen,0144-626632,Warstiens
ST001485,Amelia Jansen,040-8680511,Veeningen
ST001486,Dylano van der Hoeven,0721-292454,Hoeven
ST001487,Tirza de Bruijn,+3121 4676500,Grijpskerke
ST001488,Olivier Bernaards,(006) 9273408,Santpoort-Zuid
ST001489,Naud Nek,+3163-2816930,Haarzuilens
ST001490,Annemijn van der Pol,(0449)-963880,Heerhugowaard
ST001491,Isabella Willemsen,+31(0)247 113029,Hurwenen
ST001492,Loïs van Haspengouw Hesbaye,+31717-495456,Nibbixwoud
ST001493,Evy Beijring,+31446-111129,Ferwoude
ST001494,Nienke Tins,+3123 1565036,Poppenwier
ST001495,Daniel Brievingh,(0382)-494339,Ingber
ST001496,Owen van Wassenaar,043 4535118,Easterein
ST001497,Elias van Doorn,0358-798192,Eersel
ST001498,Lieke Gemen,(076)-3911528,Garderen
ST001499,Niek Kleybrink,,Baarn
ST001500,Demi Veltman,073 4084410,Annen
ST001501,Noortje Garret,,Hoge Hexel
ST001502,James Engels,+3146 3654114,Vleuten
ST001503,Alexander Coreth von und zu Coredo und Starkenberg,(033)-8605888,Baambrugge
ST001504,Liza Adriaansen,(066) 7971881,Echten
ST001505,Chris van Hagen,+31874-020871,Ittervoort
ST001506,Eline Heymans,+31041-494791,Schinveld
ST001507,Ayoub van Laon,0485-455865,Purmer
ST001508,Brent van Ommeren,+31534 314150,Westerlee
ST001509,Morris Hofman,057 6283277,Westeremden
ST001510,Mats Serra,041-2930648,Bornwird
ST001511,Dex Schroeff,(075) 6189320,Sint Maartensbrug
ST001512,Johannes Bartels,0601-456111,Zeerijp
ST001513,Lena Lansink,(0168) 692810,Vinkega
ST001514,Juliette Hoes,+31(0)730 970330,Heerde
ST001515,Yasmine Luboch,+31(0)25-8083339,Winkel
ST001516,Anouk Paillet,+31(0)481-156413,Wijckel
ST001517,Jaylinn Kleybrink,+3151 7434886,Riethoven
ST001518,Olaf van Veen,+31220-858005,Feanwâlden
ST001519,Hannah van der Lede,+31(0)68 9902815,Biervliet
ST001520,Evelien van der Velden,0817 270520,Luxwoude
ST001521,Nova Wilson,(0440)-115878,Lith
ST001522,Damian Marchand,+31591-952728,Hengelo (Gld)
ST001523,  Yfke van der Kint  ,+31(0)473 090137,Middelstum
ST001524,Lot van Formbach,(093)-1019373,Buren
ST001525,Vincent Smit,069-1272540,Bruchem
ST001526,Mason van Beaumont,+31(0)103 173524,Woudenberg
ST001527,Pleun Gemen,+31(0)65-1442035,Amsterdam-Duivendrecht
ST001528,Imran Adriaansen,,Heerlen
ST001529,Sophia van de Noordmark,073-5755097,Odoornerveen
ST001530,Nathan Stichter,036-7756780,Ovezande
ST001531,Berat Zijlemans,+31089 245068,Roosteren
ST001532,Lana Verbeek,+31813-021237,Haaften
ST001533,Julian van Roijen,+31(0)855-729822,Legemeer
ST001534,Nora Keltenie,(043) 9107571,Blauwestad
ST001535,Megan de Man,(004) 3405224,IJhorst
ST001536,Charlotte van der Strigt,+31(0)44 6826594,Apeldoorn
ST001537,Dana Luster,(007) 8060402,Kekerdom
ST001538,Twan Rijks,+31(0)59-2532312,Lage Zwaluwe
ST001539,Lois Fiere,(0707) 631316,Woudbloem
ST001540,Jinthe Garret,(0411) 460942,Herbaijum
ST001541,Felix Riem,+31(0)00 3111290,Babyloniënbroek
ST001542,Isabella Blom,+31(0)232 727344,Veulen
ST001543,Linn le Guellec,(067)-8091294,Laag-Soeren
ST001544,Koen ter Waarbeek,(042) 4471586,Lobith
ST001545,Inaya Vial,033-9742763,Kloosterzande
ST001546,Jesper van Dijk,+31(0)53 7028419,Oude Wetering
ST001547,Hendrik van Evelingen,+3107 8009033,Ried
ST001548,Job Schroeff,+31284-535094,Bergschenhoek
ST001549,Luc Blaak,+31504 875800,'t Harde
ST001550,Roos Kriens,(0911) 942060,Oirsbeek
ST001551,Thijmen Fortuyn,+3158-9584952,Appeltern
ST001552,Niels Otte,+31(0)742 753072,Hernen
ST001553,Anouk de Wit,069-4141192,Loenersloot
ST001554,Jasper Blom,+31892-883274,Wierum
ST001555,Fatima Vos,(0446)-508808,De Heen
ST001556,Brian Dekker,+3173 6559968,Streefkerk
ST001557,Elena le Gulcher,+31(0)705-187361,Huijbergen
ST001558,Maxim Scholten,(0020)-521768,Veenklooster
ST001559,Nora Cornelisz,+31(0)209 504101,Rinsumageast
ST001560,Ruben Houdijk,+31(0)42-5589476,Sint Odiliënberg
ST001561,Alexander Henric van den Nuwenhuse,,Loon op Zand
ST001562,Kai de la Fleche,+31(0)023 153870,Gramsbergen
ST001563,Jari Lambers,(0182) 640176,Naaldwijk
ST001564,Victoria van de Berg,(0569)-306773,Noordbroek
ST001565,Kyan Nieuwstraten,+3127-6032847,Castenray
ST001566,Louise Merckx,084-5841882,Winterswijk Meddo
ST001567,Noor van Bergen,(091) 4523994,Teeffelen
ST001568,Joey Galenzone,(074) 3918884,Wommels
ST001569,Hugo Geerling,(0935)-487535,Rijen
ST001570,Victor Pasman,+31853 401704,Linde
ST001571,Amin de Vrome,+3191 4492568,Doniaga
ST001572,Lina Freshour,+3152-4295278,Haskerhorne
ST001573,Tirza Velderman,(0378) 309248,Eerbeek
ST001574,Roan Schokman,+3189 6069858,Odiliapeel
ST001575,Nathan de Grote,0787-741357,Muntendam
ST001576,Tygo van Berkel,013 9708411,Molkwerum
ST001577,Vigo van Ooste,0454 315074,Mookhoek
ST001578,Aiden Guit,+3134-6217669,Nederland
ST001579,Evie van Klaarwater,0075 933520,Oeffelt
ST001580,Lotte Wouters,+31(0)946 005471,Nieuwkuijk
ST001581,Dana Gnodde,(0149)-496137,Weidum
ST001582,Luke de Hoog,+31816-669145,Tinallinge
ST001583,Jet Galijn,(0697) 959873,Alkmaar
ST001584,Joy van Beek,+3191 1508708,Eeserveen
ST001585,Wessel van Bovenen,,Oosteind
ST001586,Maud Timmermans,044-2900266,Bergschenhoek
ST001587,Michael de Graaf,+31(0)72 3245778,Wijnbergen
ST001588,Tim Timmerman,+3181-4772179,Uddel
ST001589,Sander Rijntjes,(043)-1299871,Swalmen
ST001590,Vajèn Rek,(0908)-928213,Siegerswoude
ST001591,Zakaria van den Velden,(0590) 652597,Liessel
ST001592,Lotte Schipper,+31000-894710,Kamerik
ST001593,Carlijn Corstiaens,(024)-5220616,Sloten
ST001594,Arthur van den Hoek,033-4386771,Erm
ST001595,Fenne Verbeek,(020) 9074827,Schoondijke
ST001596,Morris van der Schuijt,+31919-496199,Arcen
ST001597,Ben Heere,+31447 713370,Hellum
ST001598,Nathan Kwaadland,+3123-9723486,Eagum
ST001599,Sem Hoedemakers,(081) 1676998,Suwâld
ST001600,Rosalie van den Velde,+31191-710635,Bovensmilde
ST001601,Dani Ferran,+3183-6413674,Voorthuizen
ST001602,Danique Kwaadland,(094)-6391627,Nieuwleusen
ST001603,Jolijn van der Lede,0986 494004,Papendrecht
ST001604,Emir Adelaar,,Sevenum
ST001605,Tobias Elbertse,,Overloon
ST001606,Damian Moenen,+3169-2306855,Oudeschild
ST001607,Ruben Schakelaar,+31586-594620,'t Zandt
ST001608,Amélie Zwijsen,+31(0)53-6699670,Firdgum
ST001609,  Luka de Jong  ,0145-790385,Baak
ST001610,TIES AARTS,+3152-1895465,Hazerswoude-Rijndijk
ST001611,Lot Rek,(0586)-347742,Broekhuizenvorst
ST001612,Julius van Ooste,+31052 336386,Renswoude
ST001613,Kevin van Leeuwen,+3159-4369640,Langelo
ST001614,Olivia Janse,+3168-8280327,De Heurne
ST001615,Elizabeth de Grunt,0766 876618,Berltsum
ST001616,Jolie Post,+31391-293973,Nieuwpoort
ST001617,Loes Roukes,054 2712953,Koarnjum
ST001618,Loïs Huisman,(047)-0539950,Marum
ST001619,Sanne Lensen,+3150 9475170,Steenderen
ST001620,Abel Bolkesteijn,(0897)-138677,Velden
ST001621,Nova van Grondelle,016 4330346,Eemdijk
ST001622,Jenna van de Eerenbeemt,+31(0)106 771553,Vlaardingen
ST001623,Aaliyah Cornelisse,(0741) 966157,Nieuweroord
ST001624,Fedde van der Linden,+31(0)403-017201,De Pol
ST001625,Lynn Haring,+31269 209795,Franeker
ST001626,Jim Westerburg,(0122) 842253,Schipluiden
ST001627,Dylan Henric van den Nuwenhuse,0493 140161,Wittem
ST001628,Jasper Bakker,0515-280295,Mill
ST001629,Ayden Verhoeven,+3154-3671027,Hierden
ST001630,Juliette van Hoevel en van Zwindrecht,052 4063516,Stoutenburg Noord
ST001631,Tim Die Bont,094 1169343,Rogat
ST001632,Rafael Hoogers,+31644-816422,Ommeren
ST001633,Brian van der Wal,+31(0)587-719561,Hiaure
ST001634,Gerrit Marchal,(082)-2019688,Westbeemster
ST001635,Lynn van de Velden,+31621 963662,Goedereede
ST001636,Sander Willemsen,(029)-8459956,Driebruggen
ST001637,Merel Wagenvoort,(0109)-052584,Castelre
ST001638,Annabel de Marduras,+31(0)555 114430,Rotterdam
ST001639,Stef van Es,+31(0)285-320113,Swolgen
ST001640,Jayden Ouwerkerk,(098) 8312629,Sibrandabuorren
ST001641,Fenna van der Wal,+3156 6109689,Terband
ST001642,joris verharen,(080) 2071845,Fijnaart
ST001643,Rayan van Maaren,020-1364058,Nieuw Scheemda
ST001644,mELISSA eHLERT,0588-744274,Netterden
ST001645,Anna Soos,+3197 3555519,Cruquius
ST001646,Nynke Oennen,0786-554092,Dieverbrug
ST001647,Phileine Nihoe,(0656) 338370,Drieborg
ST001648,Linn de Korte,+3197-4613513,Zwinderen
ST001649,Sienna Verwoert,(098) 8987827,Tijnje
ST001650,Quinty van Verdun,0151-255162,de Lutte
ST001651,Amélie van Ginneke,010 6457912,Zevenhoven
ST001652,Joris Huijben,+3163 4996495,Sterksel
ST001653,Bart Belpere,+31611-762128,Espel
ST001654,Elena Kok,027 9484943,Starnmeer
ST001655,Michelle van Geffen,+3182 6280273,Vrouwenakker
ST001656,Lauren van den Heuvel,+3155 0716845,Basse
ST001657,Milo Jones,+31440-118168,Nieuwe Pekela
ST001658,Wouter Boeser,0515-429625,Garderen
ST001659,Bas Kriens,+31(0)60 9395996,Oude-Tonge
ST001660,Milo Oversteeg,+31(0)300 916957,Wehl
ST001661,  Mustafa van Leeuwen  ,+3130 2260606,'s-Heerenberg
ST001662,Iris Wooning,(0569) 231161,Aarle-Rixtel
ST001663,Inaya Bierstraten,070 3879692,Zuidoostbeemster
ST001664,Kim Welf,031 5947795,Garsthuizen
ST001665,Anouk van den Berg,+31(0)14-5186838,Broek op Langedijk
ST001666,Maxim Westerburg,(027) 4845034,Lutjebroek
ST001667,Sten van Wickerode,(058)-0049073,Buchten
ST001668,Janne Jonkman,+3139-1648235,Sibrandabuorren
ST001669,Berend Werdes,+31133-453210,Ospel
ST001670,Amina van Grondelle,0693 054200,Susteren
ST001671,Dean Huijbrechts,0213 820161,Hezingen
ST001672,Kyan Huijben,0147-415676,Blokker
ST001673,Boaz Geerts,,Medemblik
ST001674,Jinthe Vrancken,+3111-1924732,Emmer-Compascuum
ST001675,Siem Huel,+31(0)532-876718,Harmelen
ST001676,Daan Terry,+3128-1378793,Kapel Avezaath
ST001677,Kyra Blonk,+3166-3302560,Zeist
ST001678,Yfke Everts,(041)-6541902,Hoogwoud
ST001679,Maud van den Nieuwenhuijsen,+31057 658162,Rijnsburg
ST001680,Dewi Dijkstra,+31(0)50-5358082,Leende
ST001681,Pien van Olst,(070)-0708445,Wirdum Gn
ST001682,Merijn Winters,(048)-4337929,Vlierden
ST001683,Gerrit de Bruin,+3175-5229903,Ridderkerk
ST001684,Luc Visser,072-1429255,Bavel
ST001685,Jorn de Vries,(0445) 394005,Kwadijk
ST001686,Max van den Assem,033-9642809,Albergen
ST001687,Senn Huijs,+31(0)682 720332,Bavel AC
ST001688,Yinthe Claesner,(027)-1947813,Emmeloord
ST001689,Jill Knoers,(0506)-631829,Hellevoetsluis
ST001690,Collin d' Heripon,0700-011424,'t Harde
ST001691,Hanna van der Maath,+3145 6647896,Twijzel
ST001692,Isabelle Muller,+31(0)24-6392046,Reeuwijk
ST001693,Muhammed Blom,0690-699474,Aldtsjerk
ST001694,Marinus Giselmeyer,087 1044349,Arcen
ST001695,Jolie Pons,+31216-450546,Arnemuiden
ST001696,Milan Mathol,(0264) 648128,Zijderveld
ST001697,Lena van Liendert,0555 265313,1e Exloërmond
ST001698,Sebastiaan Wouters van Eijndhoven,+31(0)067-752559,Koedijk
ST001699,Julie Hendricks,(061) 2741190,Benneveld
ST001700,Arthur Bakker,+31358-405366,Gaast
ST001701,Milan Spaan,+3178 5680583,Someren
ST001702,Yasmin Lafleur,(0499) 502209,Bakhuizen
ST001703,Rosalie Lelijveld,+31953 601590,Burdaard
ST001704,Floris de Jonge,008 6053091,Ulvenhout
ST001705,Tom van Spreeuwel,+3178 3941140,Oude Wetering
ST001706,Nathan Zijlemans,+3155 8463926,Oostwold
ST001707,Chris van Enschot,+31(0)38-2099787,Delfgauw
ST001708,Joy de Bruin,022-9655188,Breedenbroek
ST001709,Benthe Schenkel,+31796-596776,Leur
ST001710,Daniël van den Bosch,+31741-351184,Soest
ST001711,Jaylinn van Doorn,0171 731038,Everdingen
ST001712,Aimée Schipper,(0059)-094457,Hansweert
ST001713,Kate Molegraaf,(003) 5286282,Geeuwenbrug
ST001714,Olivia van der Veen,(0197) 149221,Heide
ST001715,Micha Jansse,+31037 452008,Hekendorp
ST001716,Aya van Enschot,+3161-9618099,Nieuw-Weerdinge
ST001717,Rafael Jonker,0740 472608,Baarn
ST001718,Senn van Vermandois,0037 406395,Folsgare
ST001719,Floor van Beeck,+31(0)506-342240,Poortugaal
ST001720,Philip Bos,084-7135310,Finsterwolde
ST001721,Josephine van Este,+31(0)374 650490,Soest
ST001722,Marit Steinmeiern,+3139 9588551,Nieuw Annerveen
ST001723,Florian de Kale,+31042-200251,Blije
ST001724,Yusuf Verwoert,+31(0)30-5245191,Kapellebrug
ST001725,Mees van Mook,(0770) 838660,Zuiddorpe
ST001726,Johanna Luitgardis van Neustrië,0368 033756,Zennewijnen
ST001727,Wessel van Santen,+3128 1772102,Halfweg
ST001728,Ibrahim Vial,+31(0)91 0696011,Raerd
ST001729,Amina Pratt,+31(0)31 9246634,Oostrum
ST001730,Julian Spiker,(0112)-974297,Nuenen
ST001731,Louise Lijn,+3113 1924409,Schellinkhout
ST001732,Muhammed Frankhuizen,+31838-679211,Westwoud
ST001733,Stijn Jansen,,Berg en Dal
ST001734,Anne Everde,+3184 3929200,Rottum
ST001735,Liv Amalrada,+3129 5231441,De Kiel
ST001736,Ayoub Puig,098-2870368,Reahûs
ST001737,Cas Karels,096 3899349,Doorn
ST001738,Sven Versluijs,092 5215882,Eygelshoven
ST001739,Yara de Jode Vastraedsd,(020)-6575056,Molkwerum
ST001740,eLINE VAN rIJNSBERGEN,+3130 4995035,Garsthuizen
ST001741,Helena van Kuijc van Malsen,+31(0)564 846008,Nunhem
ST001742,Collin van de Wal,+31403 928972,Zwiggelte
ST001743,Luca van der Kaay,0330-385566,Well L
ST001744,Lauren Vervoort,+31126-339537,Everdingen
ST001745,Amira Persijn,+31(0)51-3641697,Langenboom
ST001746,Elize van Haspengouw Hesbaye,+3112-9083102,Rijswijk (NB)
ST001747,Joep Rietveld,0439 859812,Teteringen
ST001748,Ella Post,(0504) 109222,Malden
ST001749,Ceylin Symons,+31(0)156 172919,Haringhuizen
ST001750,Liza Verbruggen,(0116) 961568,Nieuwkoop
ST001751,Tygo Manne,+31836-809071,Westerhaar-Vriezenveensewijk
ST001752,Marit Spier,0765-080045,Westbeemster
ST001753,Roos Dorsman,0839-356516,Winterswijk Woold
ST001754,Stefan Kremer,+31957-202454,IJsselmuiden
ST001755,Lena van Veen,099 0470040,Okkenbroek
ST001756,Marit de Grote,+31(0)905-762704,Demen
ST001757,Mathijs Woudenberg,+31294-114732,Nieuwehorne
ST001758,Anna van Verdun,+31661 710447,Snakkerburen
ST001759,Jan Spier,+3110-5245508,Duivendrecht
ST001760,Guus van de Kooij,+3119 4587930,Wyns
ST001761,Senna van Ghoerle,(010) 2060850,Lucaswolde
ST001762,Alyssa Kirpenstein,+31878 812975,Eersel
ST001763,Rayan de Leeuw,+3152-3295451,IJhorst
ST001764,Amina Kas,0427 379772,Eck en Wiel
ST001765,Oscar Winnrich,+31485-082539,Andelst
ST001766,Daniël Roodesteijn,+31(0)77 9159995,Rozenburg
ST001767,Leon Honing,+31(0)491-708101,Schalsum
ST001768,Kai van Wijland,+31103 441926,Burgerveen
ST001769,Sienna Molen,(0718) 630188,Winterswijk Woold
ST001770,Norah Schuurmans,+31(0)705 338004,Leons
ST001771,Jorn Keijser,(0036)-740742,Oijen
ST001772,Dion van Munster,+31(0)787-458392,Burgwerd
ST001773,Collin Meeusen,+31(0)51 8112348,Appelscha
ST001774,Tessa Miner,+3198 9915201,Vogelwaarde
ST001775,Sven de Plantard,+3192 2332185,Gelselaar
ST001776,Benthe Blokland,+3164 4607398,Exmorra
ST001777,Niek van de Pavert,(0896) 976962,Eemnes
ST001778,Elisa Cammel,+31(0)74 6733246,Breukeleveen
ST001779,Sanne Carnotte,+31(0)179 613000,Schraard
ST001780,Milou van 't Houteveen,+3148-4935162,Hoogblokland
ST001781,Annabel Hak,+31(0)122-324369,Oud Ootmarsum
ST001782,Kyara van den Broek,+3140 5478847,Klazienaveen
ST001783,Laura Mudden,0953 838625,Margraten
ST001784,Fien Bosch,080-0675753,Hedel
ST001785,Sander van Ochten,(0384) 794209,Biezenmortel
ST001786,Felix Vignon,+3134-5618827,Westkapelle
ST001787,Jorn Zijlmans,0410-795706,De Heen
ST001788,Nova Kathagen,+31(0)907-571296,Andijk
ST001789,Saar Pison,+31059-770353,Workum
ST001790,Faye Vrancken,0765 402520,Nieuwdorp
ST001791,Meike van der Maes,0542-112484,Huizen
ST001792,Puck Tuithof,+31039 519850,Zeerijp
ST001793,Daniel Adryaens,+31(0)177 078257,Windraak
ST001794,Bjorn Lelijveld,0484 494339,Lage Mierde
ST001795,Noëlle van Beieren,0861 233120,Almelo
ST001796,Lieke Veenendaal,+31(0)673-460731,Lekkum
ST001797,Yasmine Huijzing,+31(0)635-260771,Follega
ST001798,Simon Dirven,+31566 501689,Ten Boer
ST001799,Puk Lankle,(0543)-318177,Rutten
ST001800,Eline Adriaense,+31579 348274,Eppenhuizen
ST001801,Niek van de Velde,(0156) 687535,Wijdewormer
ST001802,Isa Smeets,007 8363425,Rijpwetering
ST001803,Lukas van Parijs,0674 271602,Heemstede
ST001804,Lisanne van 't Houteveen,+31(0)33 6467197,Moergestel
ST001805,Michael Erhout,0787 773639,Megen
ST001806,Maria de Roo,(020) 5720505,Hollandscheveld
ST001807,Yusuf Wever,+3183-2007937,Krewerd
ST001808,Helena Zuidweg,0034-225956,Siebengewald
ST001809,Bilal Olykan,+31(0)404-612936,Hoogeveen
ST001810,  Myrthe van Riet  ,(014)-5579297,Rotstergaast
ST001811,Finn van der Smeede,,Niftrik
ST001812,Féline Wagenvoort,(008)-1941152,Oudehaske
ST001813,Lara Lelijveld,+3185 8728182,Baaium
ST001814,Dewi van Allemanië,012-0461851,Zevenbergen
ST001815,Faye Nihoe,+3125 7642136,Boesingheliede
ST001816,Pien van der Heijden,(082) 9904480,Benningbroek
ST001817,Ali Evers,+31(0)097 882653,Haghorst
ST001818,Livia de Groot,(0993)-216710,Papenvoort
ST001819,Matthias Schelvis,0566-580463,Aerdenhout
ST001820,Lizz Groen,+31(0)19-2100068,Barchem
ST001821,Tygo Vergeer,+31390-250581,Ellecom
ST001822,Koen van Saksen,+3101-6467333,Gemert
ST001823,"Sem West-Francië, van",+3155-4627022,Oosterleek
ST001824,Dylan Ridder,+31(0)13 3470236,Wijnaldum
ST001825,Elin van Ham,+31(0)786-763741,Langelo
ST001826,Loïs de Bruijn,+31(0)21-8674276,Aagtekerke
ST001827,Rick van der Ven,+3113 7550992,Nuis
ST001828,Pippa Weylant,+3158-9392813,Garsthuizen
ST001829,Bjorn Dijkstra,087-4692954,Hommerts
ST001830,Jayson van den Nuwenhijsen,+31(0)140-805380,Azewijn
ST001831,Eline Dachgeldt,+31194 016871,Katwijk
ST001832,Julie Visser,089-9030626,Burdaard
ST001833,Amina van Ham,0021 844675,Onderdendam
ST001834,Alyssa Haneberg,+31337-849698,Klaaswaal
ST001835,hENDRIK mEIJER,033 3460338,Monster
ST001836,Fenna Schilt,+31136-561348,De Steeg
ST001837,Mart Aertsz,(0710)-543453,Amstenrade
ST001838,Nout Fechant,0140 403337,Wapse
ST001839,Yinthe van Bergen,(0898)-155222,Hoogwoud
ST001840,Lara Lafleur,,Callantsoog
ST001841,Kian van Waas,(074)-1795922,Aagtekerke
ST001842,Eva van der Spaendonc,+31(0)052 999650,Kootwijk
ST001843,Joëlle Slingerland,+31(0)30 3235168,Ulicoten
ST001844,Mika Rousselet,+3125-0771891,Koarnjum
ST001845,Jayda Kuilenburg,,Zandberg
ST001846,Stijn Greij,0227 418403,Delfzijl
ST001847,Charlotte Bertho,005 7399596,Boxmeer
ST001848,Ian van der Velden,0889 472079,Oudewater
ST001849,Raf Jacobs,+3139-5062195,Hoevelaken
ST001850,Lisanne Cadefau,+31932 086151,Bergambacht
ST001851,Hidde van Wijland,(0201) 921689,Gasselte
ST001852,Benthe van Gils,0909-819587,Eppenhuizen
ST001853,Lucas Pauwels,+3159-7100720,Goëngahuizen
ST001854,Joost Beekman,083-0526552,Epse
ST001855,Jesper Suijker,(088)-4229252,Ruigahuizen
ST001856,Ise Bruggeman,0626 802109,Oterleek
ST001857,Hidde van der Pluijm,+31(0)81 3310002,de Wijk
ST001858,Thom Mahieu,0419-324125,Niekerk
ST001859,Lucy Ponci,067 9693890,Culemborg
ST001860,Bram Smeets,(0695)-689626,Rohel
ST001861,Luke Pratt,,Daarlerveen
ST001862,Feline van Gent,+31416 358863,Gaast
ST001863,Stijn Roosenboom,(0078) 965816,Nieuw Beerta
ST001864,Catharina Verhoeven,071-0575040,Tinallinge
ST001865,Emir Haneberg,+3153 7132624,Lichtaard
ST001866,Dex Mansvelt,0175-173069,Rottevalle
ST001867,Fem van Duvenvoirde,+31(0)514-591146,Boven-Leeuwen
ST001868,Jolijn Maaswinkel,+3192-6564007,Lienden
ST001869,Daan Galijn,+31408 884126,Egmond aan Zee
ST001870,Kyra Martens,(0655) 974294,Mastenbroek
ST001871,Adriana Merkx,(0601)-380584,Warstiens
ST001872,Kyan Knuf,+31(0)04 8977741,Oldeouwer
ST001873,Elias Kalman,+31(0)903-020229,Papendrecht
ST001874,Fabiënne Keltenie,(0394) 349601,Leunen
ST001875,Elizabeth Gepa van Bourgondië,+3185 1179900,Engwierum
ST001876,Joël van de Weterink,+31(0)56 1485222,Heilig Landstichting
ST001877,Valerie Stoffel,+3144-4108487,Almen
ST001878,Victoria Kof,(098) 2220112,Blankenham
ST001879,Sem Haneberg,(0202)-564968,Zaandijk
ST001880,James Knuf,+31036-819420,Oudenhoorn
ST001881,Milou Coreth von und zu Coredo und Starkenberg,028 9786863,Schijf
ST001882,kYAN VAN DER lAARSE,+31(0)524 582618,Nieuwaal
ST001883,Aron van Beek,(058) 3916426,Haelen
ST001884,Kyano Uit de Willigen,+31(0)46-2653257,Witmarsum
ST001885,Olaf Uphuis,+31(0)203-419246,Easterlittens
ST001886,Nadine van de Pol,+31(0)70 8542333,Haskerhorne
ST001887,Amélie Verharen,(0261) 688402,Aerdt
ST001888,Dylano de Roo,082 1471007,Schuinesloot
ST001889,RICK VAN HEMERT,+31(0)312-766818,Suwâld
ST001890,Lieke van Grondelle,+31992 511462,Oirsbeek
ST001891,Jolie van den Brand,(0800)-097916,Moorveld
ST001892,Valerie Smits,(0745)-832679,Twisk
ST001893,Luka Joosten,,Ravenswaaij
ST001894,Amin Brizee,+31905-104453,Zorgvlied
ST001895,Elin Hoekstra,046-9099225,Lutjewinkel
ST001896,Demi Genefaas,017-8431807,Woudbloem
ST001897,Rayan Kriens,(093) 9271508,Molkwerum
ST001898,Evie Verbeek,(0543) 922843,Oudwoude
ST001899,Dina Hendrikse,(0160)-209907,Waarder
ST001900,Koen Bruijne van der Veen,(0340) 276588,Lage Zwaluwe
ST001901,Noor Bellemans,(001)-8840528,Milsbeek
ST001902,Eliza Rousselet,079 5015571,Niawier
ST001903,Sander Hoelen,+31716 563035,Wittelte
ST001904,Amira van Gils,+31318-502972,Eursinge
ST001905,Sem van Mook,+3198-9060768,Blije
ST001906,Lenn de Grunt,+3110 9263224,West-Terschelling
ST001907,Annemijn Soos,037-2775981,Klooster Lidlum
ST001908,Sven de Strigter,034 5614573,Tersoal
ST001909,Kyano de Vries,(0887)-102977,Nijeholtpade
ST001910,Lucas van Ham,0420 508295,Easterlittens
ST001911,Jort Beijring,028-5954200,Olst
ST001912,Stefan Scherms,+31(0)49-5005766,Purmer
ST001913,  Fenne Jansen  ,0910-862246,Maasbommel
ST001914,Zoey der Kijnder,+31(0)26 3621323,Nieuwaal
ST001915,Fleur die Pelser,(0967)-831632,Diphoorn
ST001916,Danique Lafleur,(0342)-226211,Made
ST001917,Arthur van Schevinghuizen,+31(0)536-576461,Garrelsweer
ST001918,Ibrahim van Maasgouw,+3178 6985208,Gaastmeer
ST001919,Elizabeth Jacobs,+3172-5502438,Eys
ST001920,Joris van Noordeloos,032-0569667,Zetten
ST001921,Fabiënne Pieters van der Maes,+31(0)63 7198909,Schijf
ST001922,Aaron Stuivenberg,(0961) 052905,Rijpwetering
ST001923,Esther Smith,0546 428364,Ezinge
ST001924,Daan Wright,(094) 5616191,Ransdaal
ST001925,Aaliyah Blees,+31(0)03-2833525,Baarn
ST001926,Jolijn Jansen,+31(0)719-205776,Rossum
ST001927,Jade Leene,+31(0)91-1074335,Maurik
ST001928,Gerrit Bertho,,Renkum
ST001929,Joep Blonk,(0932) 209313,Boelenslaan
ST001930,Maria de Gruijl,(017) 0153719,Kloosterburen
ST001931,Amber Hagendoorn,039-1431711,Pingjum
ST001932,Laurens Leene,087 8019004,Witteveen
ST001933,Maya van Maaren,001-5460561,Hoogezand
ST001934,Dion Horrocks,0710-563878,Nieuwe Wetering
ST001935,Lily Verboom,+31923-665626,Gieten
ST001936,Isis Kuipers,0317 344147,Ryptsjerk
ST001937,Giovanni Meis,(044) 1877804,Smallebrugge
ST001938,Sami Jans,+31(0)778 070315,Dedgum
ST001939,Lucas Krabbe,(0006)-291106,Broek in Waterland
ST001940,Amber Pierson,0670 530366,Winterswijk Miste
ST001941,Lola van Gorp,(0067) 079163,Boornbergum
ST001942,Dewi Jacobs,+31047 601035,Steenenkamer
ST001943,Lot Kleijse,,Heveadorp
ST001944,Marijn Janssen,+31966-126211,Spanga
ST001945,Joshua Lemmens,(0117)-165736,Domburg
ST001946,Mehmet van Duivenvoorde,+31(0)109-502995,Doeveren
ST001947,Cornelis de Swart,+31737-911407,Lieren
ST001948,Bram Kalman,+3171 2707434,Donderen
ST001949,cornelis koeman,+31(0)99-2770519,Zandhuizen
ST001950,Julian van Asten,+3168-1432965,Rouveen
ST001951,Stella Groenestein,+3116 8525304,Odoorn
ST001952,Timo van Dam,+31(0)83 8402275,Abbega
ST001953,Stella Michiels,+31(0)17-9034278,Opende
ST001954,  Ayden van Amstel  ,+31(0)301 966700,Geesbrug
ST001955,Rayan Janssen,0889 132715,Haule
ST001956,Senn Broeckx,066 7491730,Nagele
ST001957,Ise Duivenvoorden,+31(0)61 0576363,Zeeland
ST001958,Milo Haring,+3113 6432126,Roggel
ST001959,Noa van Ooste,+31(0)429-197600,Burgerbrug
ST001960,Duuk Martens,+31(0)763 702751,Riel
ST001961,Tessa Lutterveld,+3175 6296737,Akersloot
ST001962,Amin Bökenkamp,0713-664276,Aalsmeerderbrug
ST001963,Wouter Michiels,080 2874484,Milsbeek
ST001964,Dean Vierdag,027 9696591,Opende
ST001965,Dewi Furda,(0936)-781666,Offingawier
ST001966,Sam Kolen,+31(0)82-0511234,Molkwerum
ST001967,Beau van Laar,0301-721875,Orvelte
ST001968,Kian Maaswinkel,+3137 9350375,Wetering
ST001969,Valentijn Hulskes,0374-206513,Horssen
ST001970,Jayda Fechant,0053-154320,Doornspijk
ST001971,Noud Scholten,+31(0)01 9952294,Heesbeen
ST001972,Noah de Vrome,(043)-4016626,Kapel-Avezaath
ST001973,Job van Soest,(056) 1545278,Rijswijk (GLD)
ST001974,Lize die Bont,+3124 2596363,Velp
ST001975,Imke Post,+3120-1573160,Eethen
ST001976,Jake van der Meer,004 9459632,Iens
ST001977,Jennifer Ansems,051 9192407,Ubbena
ST001978,Vincent van Formbach,+31164-743875,Ginnum
ST001979,Fem Overdijk,(077) 1498229,Overschild
ST001980,Pim van Maaren,,Bruinisse
ST001981,Valerie van Straaten,+31693-275028,Eefde
ST001982,Keano Eijkelboom,0594 192826,Schagen
ST001983,Renske van der Velde,0649-081031,Giessen
ST001984,Muhammed Waltrade Walderade,0235-018298,Lievelde
ST001985,Pim Olykan,(0742) 429807,Best
ST001986,Nick van Parijs,(0398)-654613,Hei- en Boeicop
ST001987,Faas Billung,(067)-7240100,Pingjum
ST001988,Stella de Groot,(031)-5589894,Arnemuiden
ST001989,Sil van 't Erve,(030) 3280659,Willemstad
ST001990,Kyra de Vroege,+3103-7274033,Foxhol
ST001991,Mia Doyle,0891-883635,Afferden L
ST001992,Lot Walsteijn,+31(0)961 005172,Haarlemmerliede
ST001993,Aya Brievingh,+3164-7919420,Dokkum
ST001994,Dean Fortuyn,+31768-628571,Exmorra
ST001995,Maja van Lucel,+31796 108127,Veghel
ST001996,Maxim Grondel,+3148-9008329,Nijbroek
ST001997,Mirthe Strijker,(0973) 147571,Beuningen
ST001998,Lorenzo de Vries,(0811)-772140,Nuth
ST001999,Tijn Scholten,0221 447271,Gellicum
ST002000,Ivy van Beeck,+31(0)043-492506,Varik
ST001958,Milo Haring,+3113 6432126,Roggel
ST000131,Lot Helmerhorst,(052)-4868532,Roderesch
ST000113,Mason Geertsen,056-2957209,Klein Zundert
ST001268,Hidde Woudenberg,(0365) 786551,De Westereen
ST000402,  Joshua van 't Riet  ,+31(0)948 270344,Baambrugge
ST001908,Sven de Strigter,034 5614573,Tersoal
ST001051,Lieve Verheij,+3140 9328360,Barger-Compascuum
ST000315,Tijn van der Zijl,(019) 3102673,Barsingerhorn
ST000452,Samuel van Hoevel en van Zwindrecht,+31(0)25 5824263,Oostzaan
ST000425,Daniël Jerusalem,+31(0)30 5123509,Horst
